Plot,collection_no.,Condition,Date,General date,species,total_mass,subsample_wetmass,subsample_drymass,conversion_ratio,Dry.Mass,remarks
Q6,1,W,07/27/18,27/7/2018,Sterculia macrophylla,55.17,9.46,3.18,0.33615222,18.54551797,
Q6,1,W,07/27/18,27/7/2018,Campnosperma squamatum,27.17,8.7,5.22,0.6,16.302,
Q6,1,W,07/27/18,27/7/2018,Pometia pinnata,27.17,1.69,1.48,0.875739645,23.79384615,
Q6,1,W,07/27/18,27/7/2018,Diospyros maingayi,25.43,8.61,5.45,0.632984901,16.09680604,
Q6,1,W,07/27/18,27/7/2018,Artocarpus kemando,42.95,1.5,1.23,0.82,35.219,
Q107,1,D,07/28/18,28/7/2018,Adenanthera malayana,25.81,0.64,0.22,0.34375,8.8721875,
Q107,1,D,07/28/18,28/7/2018,Many spp,9.79,4.13,2.2,0.532687651,5.215012107,
Q107,1,D,07/28/18,28/7/2018,Grewia laevigata,6.77,1.47,0.98,0.666666667,4.513333333,
Q107,1,D,07/28/18,28/7/2018,Nothaphoebe umbelliflora,16.65,2.93,2.11,0.720136519,11.99027304,
Q107,1,D,07/28/18,28/7/2018,Gironniera nervosa,10.57,1.67,1.73,1.035928144,10.94976048,
Q107,1,D,07/28/18,28/7/2018,Strychnos,8.42,1.48,0.9,0.608108108,5.12027027,
Q107,1,D,07/28/18,28/7/2018,Bauhinia semibifida,17.25,1.74,1.02,0.586206897,10.11206897,
Q107,1,D,07/28/18,28/7/2018,Knema malayana,5.5,2,1.34,0.67,3.685,
Q405,1,D,8/7/2018,7/8/2018,Bauhinia semibifida,55.15,1.36,1,0.735294118,40.55147059,
Q405,1,D,8/7/2018,7/8/2018,Elaeocarpus stipularis,9.81,1.81,1.06,0.585635359,5.745082873,
Q408,1,D,8/7/2018,7/8/2018,Gironniera nervosa,9,1.51,1.32,0.874172185,7.867549669,
Q408,1,D,8/7/2018,7/8/2018,Lithocarpus ewyckii,22.92,1.49,1.08,0.724832215,16.61315436,
Q408,1,D,8/7/2018,7/8/2018,U59,8.76,4.61,3.27,0.709327549,6.213709328,
Q408,1,D,8/7/2018,7/8/2018,Rhodamnia cinerea,8.25,1.49,1.13,0.758389262,6.256711409,
Q213,1,D,8/7/2018,7/8/2018,U23,27.67,1.47,1.04,0.707482993,19.57605442,
Q213,1,D,8/7/2018,7/8/2018,Gironniera nervosa,7.3,1.16,1.02,0.879310345,6.418965517,
Q213,1,D,8/7/2018,7/8/2018,Calophyllum tetrapterum var. tetrapterum,5.53,0.67,0.47,0.701492537,3.879253731,
Q213,1,D,8/7/2018,7/8/2018,Dysoxylum cauliflorum,6.46,3.41,3,0.879765396,5.683284457,
Q6,2,W,08/13/18,13/8/2018,Campnosperma squamatum,20.34,6.14,5.28,0.859934853,17.49107492,
Q6,2,W,08/13/18,13/8/2018,Madhuca tomentosa,13.73,4.02,3.19,0.793532338,10.895199,
Q6,2,W,08/13/18,13/8/2018,Artocarpus kemando,11.89,1.5,1.14,0.76,9.0364,
Q6,2,W,08/13/18,13/8/2018,Pometia pinnata,39.6,1.31,1.28,0.977099237,38.69312977,
Q6,2,W,08/13/18,13/8/2018,Diospyros maingayi,60.78,5.67,4.47,0.788359788,47.91650794,
Q107,2,D,08/13/18,13/8/2018,Strychnos,5.38,1.25,0.91,0.728,3.91664,
Q107,2,D,08/13/18,13/8/2018,Nothaphoebe umbelliflora,14.95,3.44,2.99,0.869186047,12.9943314,
Q107,2,D,08/13/18,13/8/2018,Willughbeia coriacea,5.68,3.63,2.9,0.798898072,4.537741047,
Q107,2,D,08/13/18,13/8/2018,Another climber,5.36,2.1,1.86,0.885714286,4.747428571,
Q107,2,D,08/13/18,13/8/2018,Gironniera nervosa,5.8,2.95,2.46,0.833898305,4.836610169,
Q107,2,D,08/13/18,13/8/2018,U19,11.5,2.78,2.33,0.838129496,9.638489209,
Q107,2,D,08/13/18,13/8/2018,Adenanthera malayana,16.45,0.48,0.37,0.770833333,12.68020833,
Q9,1,W,08/13/18,13/8/2018,Campnosperma squamatum,50.76,10.49,7.51,0.715919924,36.34009533,
Q9,1,W,08/13/18,13/8/2018,Dalbergia pseudo-sissoo,27.59,1.77,1.06,0.598870056,16.52282486,
Q9,1,W,08/13/18,13/8/2018,Shorea,76.74,4.94,3.43,0.694331984,53.28303644,platycarpa?
Q9,1,W,08/13/18,13/8/2018,Pometia pinnata,13.78,1.88,1.47,0.781914894,10.77478723,
Q9,1,W,08/13/18,13/8/2018,Gluta wallichii,34.98,5.29,3.8,0.718336484,25.12741021,
Q3,1,W,08/15/18,15/8/2018,U18,6.2,1.96,1.68,0.857142857,5.314285714,
Q10,1,W,08/16/18,16/8/2018,Campnosperma squamatum,27.9,4.19,3.65,0.871121718,24.30429594,
Q10,1,W,08/16/18,16/8/2018,Uncaria cordata,10.32,4.45,3.95,0.887640449,9.160449438,
Q10,1,W,08/16/18,16/8/2018,Dalbergia pseudo-sissoo,7.13,0.97,0.86,0.886597938,6.321443299,
Q10,1,W,08/16/18,16/8/2018,Bauhinia semibifida,64.9,1.58,1.36,0.860759494,55.86329114,
Q10,1,W,08/16/18,16/8/2018,Grewia laevigata,5.16,1.03,0.89,0.86407767,4.458640777,
Q1,1,D,08/16/18,16/8/2018,U2,6.52,1.57,1.19,0.757961783,4.941910828,
Q1,1,D,08/16/18,16/8/2018,Canarium pilosum,9.29,1.76,1.55,0.880681818,8.181534091,
Q1,1,D,08/16/18,16/8/2018,Xanthophyllum flavescens,10.32,1.82,1.62,0.89010989,9.185934066,
Q1,1,D,08/16/18,16/8/2018,Grewia laevigata,9.87,1.48,1.12,0.756756757,7.469189189,
Q1,1,D,08/16/18,16/8/2018,Bhesa paniculata,18.84,7.52,6.69,0.88962766,16.76058511,
Q1,1,D,08/16/18,16/8/2018,Gironniera nervosa,5.1,2.73,2.42,0.886446886,4.520879121,
Q213,2,D,08/21/18,21/8/2018,Rhodamnia cinerea,6.52,1.15,0.82,0.713043478,4.649043478,
Q213,2,D,08/21/18,21/8/2018,Calophyllum tetrapterum var. tetrapterum,8.28,0.68,0.52,0.764705882,6.331764706,
Q213,2,D,08/21/18,21/8/2018,Dysoxylum cauliflorum,20.93,3.28,2.82,0.859756098,17.99469512,
Q213,2,D,08/21/18,21/8/2018,Archidendron clypearia,5.15,0.43,0.37,0.860465116,4.431395349,
Q213,2,D,08/21/18,21/8/2018,U23,6.73,0.98,0.87,0.887755102,5.974591837,
Q213,2,D,08/21/18,21/8/2018,Prunus polystachya,52.03,18.96,13.05,0.688291139,35.81178797,
Q213,2,D,08/21/18,21/8/2018,Smilax setosa,10.39,5.68,4.91,0.86443662,8.981496479,
Q213,2,D,08/21/18,21/8/2018,Aporosa frutescens,7.34,1.14,0.86,0.754385965,5.537192982,
Q408,2,D,08/21/18,21/8/2018,Fissistigma latifolium var. ovoideum,8.96,3.78,3.26,0.862433862,7.727407407,
Q408,2,D,08/21/18,21/8/2018,Rhodamnia cinerea,9.02,1.35,0.96,0.711111111,6.414222222,
Q408,2,D,08/21/18,21/8/2018,Lithocarpus ewyckii,52.51,1.81,1.57,0.867403315,45.54734807,
Q408,2,D,08/21/18,21/8/2018,Gironniera nervosa,15.16,3.32,2.64,0.795180723,12.05493976,
Q405,2,D,08/21/18,21/8/2018,Bauhinia semibifida,100.94,2.34,1.26,0.538461538,54.35230769,
Q405,2,D,08/21/18,21/8/2018,Elaeocarpus stipularis,16.97,2.11,1.31,0.620853081,10.53587678,
Q405,2,D,08/21/18,21/8/2018,Mallotus paniculatus,5.67,1.56,0.49,0.314102564,1.780961538,
Q405,2,D,08/21/18,21/8/2018,Archidendron clypearia,7.06,0.68,0.43,0.632352941,4.464411765,
Q405,2,D,08/21/18,21/8/2018,Uncaria cordata,13.35,6.92,5.08,0.734104046,9.800289017,
Q9,2,W,08/23/18,23/8/2018,Dalbergia pseudo-sissoo,33.24,2.7,1.15,0.425925926,14.15777778,
Q9,2,W,08/23/18,23/8/2018,Calophylum,5.65,2.75,1.47,0.534545455,3.020181818,
Q9,2,W,08/23/18,23/8/2018,1,6.85,4.23,1.69,0.399527187,2.736761229,
Q9,2,W,08/23/18,23/8/2018,Gluta wallichii,30.73,7.86,4.23,0.538167939,16.53790076,
Q9,2,W,08/23/18,23/8/2018,3,5.95,3.13,1.65,0.52715655,3.13658147,
Q9,2,W,08/23/18,23/8/2018,Madhuca tomentosa,11.55,5.78,2.74,0.474048443,5.475259516,
Q9,2,W,08/23/18,23/8/2018,Campnosperma squamatum,71.53,14.46,6.47,0.447441217,32.00547026,
Q9,2,W,08/23/18,23/8/2018,Shorea,55.78,8.62,4.32,0.501160093,27.95470998,platycarpa?
Q9,2,W,08/23/18,23/8/2018,Pometia pinnata,63.65,3.31,1.72,0.519637462,33.07492447,
Q6,3,W,08/23/18,23/8/2018,Pometia pinnata,140.36,2.82,1.36,0.482269504,67.69134752,
Q6,3,W,08/23/18,23/8/2018,Campnosperma squamatum,34.19,7.98,4.87,0.610275689,20.86532581,
Q6,3,W,08/23/18,23/8/2018,Diospyros maingayi,52.13,6.69,3.76,0.562032885,29.29877429,
Q6,3,W,08/23/18,23/8/2018,Artocarpus kemando,22.39,2.75,1.25,0.454545455,10.17727273,
Q6,3,W,08/23/18,23/8/2018,Madhuca tomentosa,11.25,5.54,2.83,0.510830325,5.746841155,
Q107,3,D,08/24/18,24/8/2018,U9,9.24,2.84,1.93,0.679577465,6.279295775,
Q107,3,D,08/24/18,24/8/2018,U19,46.2,3.8,2.15,0.565789474,26.13947368,
Q107,3,D,08/24/18,24/8/2018,Grewia laevigata,6.28,1.56,1.08,0.692307692,4.347692308,
Q107,3,D,08/24/18,24/8/2018,Nothaphoebe umbelliflora,21.36,3.53,2.6,0.736543909,15.7325779,
Q107,3,D,08/24/18,24/8/2018,Gironniera nervosa,7.87,2.45,2.04,0.832653061,6.552979592,
Q107,3,D,08/24/18,24/8/2018,,16.41,1.12,0.27,0.241071429,3.955982143,
Q107,3,D,08/24/18,24/8/2018,Adenanthera malayana,41.24,0.98,0.49,0.5,20.62,
Q107,3,D,08/24/18,24/8/2018,Strychnos,14.98,1.6,1.02,0.6375,9.54975,
Q3,2,W,08/28/18,28/8/2018,Maasia glauca,6.75,2.89,2.21,0.764705882,5.161764706,
Q3,2,W,08/28/18,28/8/2018,U18,17.48,2.91,2.19,0.75257732,13.15505155,
Q4,3,W,08/28/18,28/8/2018,U27,14.61,2.13,1.82,0.854460094,12.48366197,
Q4,3,W,08/28/18,28/8/2018,U26,60.3,5.72,4.61,0.805944056,48.59842657,
Q1,2,D,08/28/18,28/8/2018,Gironniera nervosa,11.16,2.8,2.51,0.896428571,10.00414286,
Q1,2,D,08/28/18,28/8/2018,Prunus polystachya,19.99,7.05,6.02,0.853900709,17.06947518,
Q1,2,D,08/28/18,28/8/2018,Grewia laevigata,17.66,1.69,1.33,0.786982249,13.89810651,
Q1,2,D,08/28/18,28/8/2018,Bhesa paniculata,10.68,5.4,4.73,0.875925926,9.354888889,
Q1,2,D,08/28/18,28/8/2018,Xanthophyllum flavescens,12,1.89,1.32,0.698412698,8.380952381,
Q1,2,D,08/28/18,28/8/2018,Canarium pilosum,5.72,2.05,1.8,0.87804878,5.022439024,
Q10,2,W,08/29/18,29/8/2018,Bauhinia semibifida,36.28,1.62,1.32,0.814814815,29.56148148,
Q10,2,W,08/29/18,29/8/2018,Uncaria cordata,9.61,2.76,2.2,0.797101449,7.660144928,
Q10,2,W,08/29/18,29/8/2018,Grewia laevigata,11.43,1.58,1.29,0.816455696,9.332088608,
Q10,2,W,08/29/18,29/8/2018,Campnosperma squamatum,41.09,5.3,4.36,0.822641509,33.80233962,
Q213,3,D,9/5/2018,5/9/2018,Gironniera nervosa,12.77,4.05,1.57,0.387654321,4.950345679,
Q213,3,D,9/5/2018,5/9/2018,Rhodamnia cinerea,8.96,1.39,0.96,0.690647482,6.188201439,
Q213,3,D,9/5/2018,5/9/2018,Calophyllum tetrapterum var. tetrapterum,8.85,1.13,0.49,0.433628319,3.837610619,
Q213,3,D,9/5/2018,5/9/2018,Dysoxylum cauliflorum,31.34,4.96,2.66,0.536290323,16.80733871,
Q213,3,D,9/5/2018,5/9/2018,Archidendron clypearia,12.93,0.77,0.38,0.493506494,6.381038961,
Q213,3,D,9/5/2018,5/9/2018,U22,32.8,5.8,1.85,0.318965517,10.46206897,
Q213,3,D,9/5/2018,5/9/2018,Prunus polystachya,30.65,15.72,10.41,0.66221374,20.29685115,
Q213,3,D,9/5/2018,5/9/2018,Smilax setosa,13.95,5.33,3.5,0.656660413,9.160412758,
Q213,3,D,9/5/2018,5/9/2018,Aporosa frutescens,5.03,2.45,1.02,0.416326531,2.094122449,
Q213,3,D,9/5/2018,5/9/2018,Pentace triptera,18.23,5.56,2.46,0.442446043,8.065791367,
Q408,3,D,9/5/2018,5/9/2018,Rhodamnia cinerea,14.37,1.67,1.03,0.616766467,8.862934132,
Q408,3,D,9/5/2018,5/9/2018,Lithocarpus ewyckii,58.33,2.39,1.27,0.531380753,30.99543933,
Q408,3,D,9/5/2018,5/9/2018,Gironniera nervosa,25.8,2.74,1.71,0.624087591,16.10145985,
Q408,3,D,9/5/2018,5/9/2018,U59,11.16,5.67,2.81,0.495590829,5.530793651,
Q408,3,D,9/5/2018,5/9/2018,Leuconotis griffithii,22.43,6.52,2.86,0.438650307,9.83892638,
Q405,3,D,9/5/2018,5/9/2018,Bauhinia semibifida,74.13,3.95,1.17,0.296202532,21.95749367,
Q405,3,D,9/5/2018,5/9/2018,Archidendron clypearia,9.51,1.42,0.68,0.478873239,4.554084507,
Q405,3,D,9/5/2018,5/9/2018,Bhesa paniculata,15.24,9.7,6.16,0.635051546,9.678185567,
Q405,3,D,9/5/2018,5/9/2018,Elaeocarpus stipularis,16.21,2.64,1.02,0.386363636,6.262954545,
Q405,3,D,9/5/2018,5/9/2018,Litsea firma,9.3,1.86,0.8,0.430107527,4,
Q405,3,D,9/5/2018,5/9/2018,Uncaria cordata,22.86,9.63,5.91,0.613707165,14.02934579,
Q405,3,D,9/5/2018,5/9/2018,Pternandra echinata,5.93,1.24,0.54,0.435483871,2.582419355,
Q405,3,D,9/5/2018,5/9/2018,U24,22.52,1.49,0.34,0.228187919,5.138791946,
Q9,3,W,9/7/2018,7/9/2018,Dalbergia pseudo-sissoo,17.94,1.81,1.5,0.828729282,14.86740331,
Q9,3,W,9/7/2018,7/9/2018,Campnosperma squamatum,13.53,5.9,4.13,0.7,9.471,
Q9,3,W,9/7/2018,7/9/2018,Gluta wallichii,13.87,6.06,4.09,0.674917492,9.361105611,
Q9,3,W,9/7/2018,7/9/2018,1,6.33,2.06,1.53,0.742718447,4.701407767,
Q9,3,W,9/7/2018,7/9/2018,Pometia pinnata,7.94,1.38,1.14,0.826086957,6.559130435,
Q107,4,D,9/7/2018,7/9/2018,Nothaphoebe umbelliflora,19.61,3.44,2.24,0.651162791,12.76930233,
Q107,4,D,9/7/2018,7/9/2018,U20,10.41,2.01,1.74,0.865671642,9.011641791,
Q107,4,D,9/7/2018,7/9/2018,U19,26.49,2.53,1.38,0.545454545,14.44909091,
Q107,4,D,9/7/2018,7/9/2018,Adenanthera malayana,28.42,0.74,0.3,0.405405405,11.52162162,
Q107,4,D,9/7/2018,7/9/2018,U9,7.3,3.16,1.74,0.550632911,4.019620253,
Q107,4,D,9/7/2018,7/9/2018,Gironniera nervosa,6.07,2.49,1.5,0.602409639,3.656626506,
Q107,4,D,9/7/2018,7/9/2018,,8.98,0.36,0.17,0.472222222,4.240555556,
Q107,4,D,9/7/2018,7/9/2018,Fissistigma latifolium var. ovoideum,9.16,5.21,3.09,0.593090211,5.432706334,
Q107,4,D,9/7/2018,7/9/2018,Buchanania sessifolia,7.48,1.51,1.23,0.814569536,6.092980132,
Q107,4,D,9/7/2018,7/9/2018,Strychnos,16.15,1.24,0.87,0.701612903,11.33104839,
Q107,4,D,9/7/2018,7/9/2018,Willughbeia coriacea,8.25,4.44,2.66,0.599099099,4.942567568,
Q6,4,W,9/7/2018,7/9/2018,Madhuca tomentosa,12.24,3.66,2.61,0.713114754,8.72852459,
Q6,4,W,9/7/2018,7/9/2018,Campnosperma squamatum,18.49,5.06,3.88,0.766798419,14.17810277,
Q6,4,W,9/7/2018,7/9/2018,Artocarpus kemando,11.92,1.79,1.34,0.748603352,8.923351955,
Q6,4,W,9/7/2018,7/9/2018,Diospyros maingayi,33.46,4.1,2.81,0.685365854,22.93234146,
Q6,4,W,9/7/2018,7/9/2018,Pometia pinnata,104.07,1.54,1.31,0.850649351,88.52707792,
Q4,4,W,9/12/2018,12/9/2018,U27,5.79,2.59,0.96,0.370656371,2.146100386,
Q4,4,W,9/12/2018,12/9/2018,,16.65,3.03,1.16,0.382838284,6.374257426,
Q4,4,W,9/12/2018,12/9/2018,,9.51,4.15,2.11,0.508433735,4.835204819,
Q4,4,W,9/12/2018,12/9/2018,U26,99.96,7.53,3.6,0.478087649,47.78964143,
Q3,3,W,9/12/2018,12/9/2018,Madhuca tomentosa,11.48,5.54,2.95,0.532490975,6.11299639,
Q3,3,W,9/12/2018,12/9/2018,Many spp,8.78,2.5,1.35,0.54,4.7412,
Q3,3,W,9/12/2018,12/9/2018,U18,16.84,3.11,1.6,0.514469453,8.663665595,
Q3,3,W,9/12/2018,12/9/2018,U25,8.98,1.81,1.18,0.651933702,5.854364641,
Q10,3,W,9/12/2018,12/9/2018,Campnosperma squamatum,52.7,9.93,5.2,0.52366566,27.59718026,
Q10,3,W,9/12/2018,12/9/2018,Fissistigma latifolium var. ovoideum,24.88,11.32,4.13,0.364840989,9.077243816,
Q10,3,W,9/12/2018,12/9/2018,Elaeocarpus mastersii,7.06,1.51,0.86,0.569536424,4.020927152,
Q10,3,W,9/12/2018,12/9/2018,Grewia laevigata,9.3,1.66,1.01,0.608433735,5.658433735,
Q10,3,W,9/12/2018,12/9/2018,Dalbergia pseudo-sissoo,7.12,1.74,0.67,0.385057471,2.741609195,
Q10,3,W,9/12/2018,12/9/2018,Uncaria cordata,12.88,6,2.84,0.473333333,6.096533333,
Q10,3,W,9/12/2018,12/9/2018,Bauhinia semibifida,86.97,2.67,0.87,0.325842697,28.33853933,
Q1,3,D,9/12/2018,12/9/2018,Gironniera nervosa,14.31,2.68,2.08,0.776119403,11.10626866,
Q1,3,D,9/12/2018,12/9/2018,Prunus polystachya,18.8,10.12,7.25,0.716403162,13.46837945,
Q1,3,D,9/12/2018,12/9/2018,Grewia laevigata,27.82,2.26,1.4,0.619469027,17.23362832,
Q1,3,D,9/12/2018,12/9/2018,Xanthophyllum flavescens,26.4,3.05,1.46,0.478688525,12.63737705,
Q1,3,D,9/12/2018,12/9/2018,Bhesa paniculata,11.04,4.36,2.78,0.637614679,7.039266055,
Q1,3,D,9/12/2018,12/9/2018,U2,9.54,2.12,0.83,0.391509434,3.735,
Q107,5,D,09/18/18,18/9/2018,U20,8.23,2.82,2.49,0.882978723,7.266914894,
Q107,5,D,09/18/18,18/9/2018,Nothaphoebe umbelliflora,16.01,3.18,2.61,0.820754717,13.14028302,
Q107,5,D,09/18/18,18/9/2018,U19,10.79,2.78,2.17,0.78057554,8.422410072,
Q107,5,D,09/18/18,18/9/2018,Adenanthera malayana,11.22,0.3,0.24,0.8,8.976,
Q107,5,D,09/18/18,18/9/2018,Buchanania sessifolia,8.77,1.3,1.06,0.815384615,7.150923077,
Q107,5,D,09/18/18,18/9/2018,Strychnos,6.74,1.12,0.83,0.741071429,4.994821429,
Q9,4,W,09/18/18,18/9/2018,Dalbergia pseudo-sissoo,14.4,1.51,1.23,0.814569536,11.72980132,
Q9,4,W,09/18/18,18/9/2018,Campnosperma squamatum,28.21,8.86,7.32,0.826185102,23.30668172,
Q9,4,W,09/18/18,18/9/2018,Pometia pinnata,5.19,1.24,1.05,0.846774194,4.394758065,
Q6,5,W,09/18/18,18/9/2018,Pometia pinnata,90.01,2.24,1.88,0.839285714,75.54410714,
Q6,5,W,09/18/18,18/9/2018,Campnosperma squamatum,15.22,4.7,3.84,0.817021277,12.43506383,
Q6,5,W,09/18/18,18/9/2018,Diospyros maingayi,24.12,4.22,3.3,0.781990521,18.86161137,
Q213,4,D,09/21/18,21/9/2018,Archidendron clypearia,12.57,0.81,0.34,0.419753086,5.276296296,
Q213,4,D,09/21/18,21/9/2018,Dysoxylum cauliflorum,29.59,5.19,2.21,0.425818882,12.59998073,
Q213,4,D,09/21/18,21/9/2018,Smilax setosa,12.92,5.71,4.33,0.758318739,9.797478109,
Q408,4,D,09/21/18,21/9/2018,Leuconotis griffithii,17.17,5.45,3.31,0.60733945,10.42801835,
Q408,4,D,09/21/18,21/9/2018,Lithocarpus ewyckii,51.39,2.04,1.19,0.583333333,29.9775,
Q408,4,D,09/21/18,21/9/2018,Gironniera nervosa,14.44,4.62,2.28,0.493506494,7.126233766,
Q408,4,D,09/21/18,21/9/2018,U59,9.98,4.29,2.78,0.648018648,6.467226107,
Q408,4,D,09/21/18,21/9/2018,Fissistigma latifolium var. ovoideum,7.58,3.27,2.26,0.691131498,5.238776758,
Q408,4,D,09/21/18,21/9/2018,Rhodamnia cinerea,6.9,1.87,1.27,0.679144385,4.686096257,
Q405,4,D,09/21/18,21/9/2018,Elaeocarpus stipularis,13.07,2.31,1.2,0.519480519,6.78961039,
Q405,4,D,09/21/18,21/9/2018,Uncaria cordata,34.93,11.89,6.04,0.507989907,17.74408747,
Q405,4,D,09/21/18,21/9/2018,Litsea firma,6.84,2.25,1.09,0.484444444,3.3136,
Q405,4,D,09/21/18,21/9/2018,Archidendron clypearia,11.47,0.95,0.58,0.610526316,7.002736842,
Q405,4,D,09/21/18,21/9/2018,Bauhinia semibifida,128.94,4.02,1.29,0.320895522,41.37626866,
Q4,5,W,09/26/18,26/9/2018,U26,19.74,4.76,4.21,0.884453782,17.45911765,
Q4,5,W,09/26/18,26/9/2018,Lophopetalum multinervium,8.92,5.09,4.43,0.870333988,7.763379175,
Q4,5,W,09/26/18,26/9/2018,U19,14.47,2.89,2.55,0.882352941,12.76764706,
Q4,5,W,09/26/18,26/9/2018,U27,8.1,1.78,1.6,0.898876404,7.280898876,
Q3,4,W,09/26/18,26/9/2018,U18,14.61,2.35,2.1,0.893617021,13.05574468,
Q3,4,W,09/26/18,26/9/2018,Myristica cinnamomea,6.58,1.64,1.47,0.896341463,5.897926829,
Q3,4,W,09/26/18,26/9/2018,Madhuca tomentosa,6.61,3.32,2.69,0.810240964,5.355692771,
Q3,4,W,09/26/18,26/9/2018,U19,8.18,2.22,1.9,0.855855856,7.000900901,
Q1,4,D,09/26/18,26/9/2018,Bhesa paniculata,11.08,5.3,4.73,0.89245283,9.888377358,
Q1,4,D,09/26/18,26/9/2018,Xanthophyllum flavescens,10.97,1.5,1.4,0.933333333,10.23866667,
Q1,4,D,09/26/18,26/9/2018,Prunus polystachya,24.2,9.02,8.09,0.896895787,21.70487805,
Q1,4,D,09/26/18,26/9/2018,Grewia laevigata,18.76,1.72,1.47,0.854651163,16.03325581,
Q1,4,D,09/26/18,26/9/2018,Gironniera nervosa,6.22,3.12,2.86,0.916666667,5.701666667,
Q1,4,D,09/26/18,26/9/2018,U2,9.21,1.37,1.14,0.832116788,7.66379562,
Q1,4,D,09/26/18,26/9/2018,Leuconotis griffithii,9.31,4.81,4.23,0.879417879,8.187380457,
Q10,4,W,09/26/18,26/9/2018,Elaeocarpus mastersii,5.04,0.9,0.8,0.888888889,4.48,
Q10,4,W,09/26/18,26/9/2018,Myristica cinnamomea,5.52,1.49,1.34,0.899328859,4.964295302,
Q10,4,W,09/26/18,26/9/2018,Grewia laevigata,8.95,1.24,1.13,0.911290323,8.156048387,
Q10,4,W,09/26/18,26/9/2018,Bauhinia semibifida,12.83,1.35,1.21,0.896296296,11.49948148,
Q10,4,W,09/26/18,26/9/2018,Campnosperma squamatum,32.13,6.28,5.57,0.886942675,28.49746815,
Q408,5,D,10/2/2018,2/10/2018,Gironniera nervosa,12.14,2.48,2.09,0.842741935,10.2308871,
Q408,5,D,10/2/2018,2/10/2018,Lithocarpus ewyckii,22.04,1.27,1.13,0.88976378,19.6103937,
Q408,5,D,10/2/2018,2/10/2018,Leuconotis griffithii,10.15,3.96,3.35,0.845959596,8.586489899,
Q408,5,D,10/2/2018,2/10/2018,Fissistigma latifolium var. ovoideum,5.2,3.29,2.9,0.881458967,4.583586626,
Q405,5,D,10/2/2018,2/10/2018,Uncaria cordata,14.24,6.48,5.57,0.859567901,12.24024691,
Q405,5,D,10/2/2018,2/10/2018,Bhesa paniculata,10.38,5.56,4.79,0.861510791,8.942482014,
Q405,5,D,10/2/2018,2/10/2018,Bauhinia semibifida,27.58,1.54,1.25,0.811688312,22.38636364,
Q405,5,D,10/2/2018,2/10/2018,Archidendron clypearia,5.52,0.49,0.4,0.816326531,4.506122449,
Q405,5,D,10/2/2018,2/10/2018,Elaeocarpus stipularis,6.79,1.46,1.29,0.883561644,5.999383562,
Q213,5,D,10/2/2018,2/10/2018,Pentace triptera,36.23,4.71,3.67,0.779193206,28.23016985,
Q213,5,D,10/2/2018,2/10/2018,Archidendron clypearia,7.96,0.54,0.47,0.87037037,6.928148148,
Q213,5,D,10/2/2018,2/10/2018,Dysoxylum cauliflorum,12.11,2.85,2.6,0.912280702,11.0477193,
Q6,6,W,10/4/2018,4/10/2018,Campnosperma squamatum,36.14,5.65,4.9,0.867256637,31.34265487,
Q6,6,W,10/4/2018,4/10/2018,Diospyros maingayi,23.86,5.26,4.46,0.847908745,20.23110266,
Q6,6,W,10/4/2018,4/10/2018,Artocarpus kemando,14.94,1.84,1.49,0.809782609,12.09815217,
Q6,6,W,10/4/2018,4/10/2018,1,6.8,4.07,3.24,0.796068796,5.413267813,
Q6,6,W,10/4/2018,4/10/2018,Madhuca tomentosa,10.62,4,3.22,0.805,8.5491,
Q6,6,W,10/4/2018,4/10/2018,Pometia pinnata,70.02,1.66,1.38,0.831325301,58.20939759,
Q9,5,W,10/4/2018,4/10/2018,Campnosperma squamatum,39.98,8.38,7.1,0.84725537,33.87326969,
Q9,5,W,10/4/2018,4/10/2018,Pometia pinnata,11.01,1.66,1.47,0.885542169,9.749819277,
Q9,5,W,10/4/2018,4/10/2018,Dalbergia pseudo-sissoo,22.08,2.18,1.78,0.816513761,18.02862385,
Q9,5,W,10/4/2018,4/10/2018,Lophopetalum multinervium,16.49,9.73,8.43,0.8663926,14.28681398,
Q9,5,W,10/4/2018,4/10/2018,Gluta wallichii,14.02,4.46,3.85,0.8632287,12.10246637,
Q107,6,D,10/4/2018,4/10/2018,Buchanania sessifolia,6.39,1.17,1,0.854700855,5.461538462,
Q107,6,D,10/4/2018,4/10/2018,Nothaphoebe umbelliflora,7.27,2.42,2.08,0.859504132,6.248595041,
Q107,6,D,10/4/2018,4/10/2018,Gironniera nervosa,5.16,1.96,1.74,0.887755102,4.580816327,
Q107,6,D,10/4/2018,4/10/2018,Fissistigma latifolium var. ovoideum,5.07,2.76,2.37,0.858695652,4.353586957,
Q107,6,D,10/4/2018,4/10/2018,Grewia laevigata,5.68,1.95,1.64,0.841025641,4.777025641,
Q107,6,D,10/4/2018,4/10/2018,U19,9.59,1.84,1.4,0.760869565,7.29673913,
Q107,6,D,10/4/2018,4/10/2018,Strychnos,8.41,1.05,0.88,0.838095238,7.048380952,
Q107,6,D,10/4/2018,4/10/2018,Adenanthera malayana,16.33,0.6,0.45,0.75,12.2475,
Q4,6,W,10/10/2018,10/10/2018,Many spp,17.4,9.96,5.44,0.546184739,9.503614458,
Q4,6,W,10/10/2018,10/10/2018,Xanthophyllum flavescens,10.75,4.35,1.87,0.429885057,4.621264368,
Q4,6,W,10/10/2018,10/10/2018,U27,14.82,3.9,2.05,0.525641026,7.79,
Q4,6,W,10/10/2018,10/10/2018,Dalbergia pseudo-sissoo,10.99,2.47,1.11,0.449392713,4.938825911,
Q3,5,W,10/10/2018,10/10/2018,U18,339.02,4.72,2.06,0.436440678,147.9621186,
Q3,5,W,10/10/2018,10/10/2018,Maasia glauca,13.78,4.96,2.75,0.554435484,7.640120968,
Q3,5,W,10/10/2018,10/10/2018,Madhuca tomentosa,13.22,6.15,3.89,0.632520325,8.361918699,
Q3,5,W,10/10/2018,10/10/2018,Myristica cinnamomea,12.39,2.58,1.5,0.581395349,7.203488372,
Q3,5,W,10/10/2018,10/10/2018,5,7.11,1.95,0.97,0.497435897,3.536769231,
Q3,5,W,10/10/2018,10/10/2018,Sterculia cordata,51.37,14.01,4.49,0.320485368,16.46333333,
Q1,5,D,10/10/2018,10/10/2018,Bhesa paniculata,16.22,8.99,4.62,0.513904338,8.335528365,
Q1,5,D,10/10/2018,10/10/2018,Xanthophyllum flavescens,22.39,3.64,1.56,0.428571429,9.595714286,
Q1,5,D,10/10/2018,10/10/2018,Grewia laevigata,24.54,2.38,1.32,0.554621849,13.61042017,
Q1,5,D,10/10/2018,10/10/2018,Gironniera nervosa,18.91,4.18,2.35,0.562200957,10.6312201,
Q1,5,D,10/10/2018,10/10/2018,U2,10.51,2.08,0.72,0.346153846,3.638076923,
Q1,5,D,10/10/2018,10/10/2018,Leuconotis griffithii,18.84,7.1,3.8,0.535211268,10.08338028,
Q1,5,D,10/10/2018,10/10/2018,Canarium pilosum,10.36,3.47,1.93,0.556195965,5.762190202,
Q1,5,D,10/10/2018,10/10/2018,U5,23.6,8.87,1.24,0.139797069,3.299210823,
Q10,5,W,10/10/2018,10/10/2018,Elaeocarpus mastersii,12.53,1.73,0.95,0.549132948,6.880635838,
Q10,5,W,10/10/2018,10/10/2018,Myristica cinnamomea,11.47,2.18,1.22,0.559633028,6.418990826,
Q10,5,W,10/10/2018,10/10/2018,Fissistigma latifolium var. ovoideum,15.36,5.31,3.34,0.629001883,9.661468927,
Q10,5,W,10/10/2018,10/10/2018,Grewia laevigata,10.28,2.08,0.96,0.461538462,4.744615385,
Q10,5,W,10/10/2018,10/10/2018,Bauhinia semibifida,50.77,2.35,0.86,0.365957447,18.57965957,
Q10,5,W,10/10/2018,10/10/2018,Campnosperma squamatum,45.79,6.53,3.35,0.513016845,23.49104135,
Q10,5,W,10/10/2018,10/10/2018,Uncaria cordata,10.76,6.44,3.31,0.513975155,5.530372671,
Q10,5,W,10/10/2018,10/10/2018,Dalbergia pseudo-sissoo,10.93,2.2,1.32,0.6,6.558,
Q405,6,D,10/16/18,16/10/2018,Prunus polystachya,105.08,17.42,8.91,0.511481056,53.74642939,
Q405,6,D,10/16/18,16/10/2018,Bauhinia semibifida,76.77,2.25,0.97,0.431111111,33.0964,
Q405,6,D,10/16/18,16/10/2018,Bhesa paniculata,21.61,8.89,5.31,0.597300337,12.90766029,
Q405,6,D,10/16/18,16/10/2018,Elaeocarpus stipularis,13.19,2.29,1.06,0.462882096,6.105414847,
Q405,6,D,10/16/18,16/10/2018,Uncaria cordata,19.07,8.56,5.54,0.647196262,12.34203271,
Q405,6,D,10/16/18,16/10/2018,1,7.07,3.26,1.59,0.487730061,3.448251534,
Q405,6,D,10/16/18,16/10/2018,Lindera lucida,14.46,4.83,3.03,0.627329193,9.071180124,
Q405,6,D,10/16/18,16/10/2018,Archidendron clypearia,14.46,1.21,0.66,0.545454545,7.887272727,
Q405,6,D,10/16/18,16/10/2018,3,6.76,1.74,0.45,0.25862069,1.748275862,
Q408,6,D,10/16/18,16/10/2018,Gironniera nervosa,35.68,4.23,2.18,0.51536643,18.38827423,
Q408,6,D,10/16/18,16/10/2018,Prunus polystachya,16.9,9.45,7.12,0.753439153,12.73312169,
Q408,6,D,10/16/18,16/10/2018,Fissistigma latifolium var. ovoideum,17.33,5.3,2.34,0.441509434,7.651358491,
Q408,6,D,10/16/18,16/10/2018,Leuconotis griffithii,21.05,5.96,3.6,0.604026846,12.7147651,
Q408,6,D,10/16/18,16/10/2018,Timonius wallichianus,8.46,3.33,2.27,0.681681682,5.767027027,
Q408,6,D,10/16/18,16/10/2018,U59,10.94,5.36,2.86,0.53358209,5.83738806,
Q408,6,D,10/16/18,16/10/2018,Lithocarpus ewyckii,58.39,1.95,1.13,0.579487179,33.83625641,
Q408,6,D,10/16/18,16/10/2018,Rhodamnia cinerea,8.79,1.78,1.19,0.668539326,5.876460674,
Q213,6,D,10/16/18,16/10/2018,Rhodamnia cinerea,9.66,1.76,1.04,0.590909091,5.708181818,
Q213,6,D,10/16/18,16/10/2018,Pentace triptera,148.07,6.87,4.01,0.583697234,86.42804949,
Q213,6,D,10/16/18,16/10/2018,Archidendron clypearia,27.56,0.9,0.55,0.611111111,16.84222222,
Q213,6,D,10/16/18,16/10/2018,Gironniera nervosa,9.74,3.04,1.79,0.588815789,5.735065789,
Q213,6,D,10/16/18,16/10/2018,Dysoxylum cauliflorum,17.69,2.46,1.87,0.760162602,13.44727642,
Q213,6,D,10/16/18,16/10/2018,U14,6.43,2.58,1.1,0.426356589,2.741472868,
Q107,7,D,10/19/18,19/10/2018,1,11.53,3.19,1.16,0.363636364,4.192727273,
Q107,7,D,10/19/18,19/10/2018,Aporosa prainiana,7.27,2.89,1.23,0.425605536,3.094152249,
Q107,7,D,10/19/18,19/10/2018,Grewia laevigata,8.24,2.6,1.31,0.503846154,4.151692308,
Q107,7,D,10/19/18,19/10/2018,Gironniera nervosa,9.64,2.79,0.98,0.35125448,3.38609319,
Q107,7,D,10/19/18,19/10/2018,Nothaphoebe umbelliflora,10.46,3.87,2.17,0.560723514,5.865167959,
Q107,7,D,10/19/18,19/10/2018,U19,15.14,2.91,1.32,0.453608247,6.867628866,
Q107,7,D,10/19/18,19/10/2018,Willughbeia coriacea,13.02,5.38,2.62,0.486988848,6.340594796,
Q107,7,D,10/19/18,19/10/2018,5,5.24,1.67,1.03,0.616766467,3.231856287,
Q107,7,D,10/19/18,19/10/2018,U20,14.31,3.61,2,0.55401662,7.927977839,
Q107,7,D,10/19/18,19/10/2018,Strychnos,12.37,1.56,0.71,0.455128205,5.629935897,
Q107,7,D,10/19/18,19/10/2018,Fissistigma latifolium var. ovoideum,15.23,6.68,2.8,0.419161677,6.383832335,
Q107,7,D,10/19/18,19/10/2018,Adenanthera malayana,37.14,0.94,0.27,0.287234043,10.66787234,
Q107,7,D,10/19/18,19/10/2018,Buchanania sessifolia,3.69,1.6,1.17,0.73125,2.6983125,
Q107,7,D,10/19/18,19/10/2018,Bauhinia semibifida,2.61,1.19,0.32,0.268907563,0.701848739,
Q6,7,W,10/19/18,19/10/2018,Artocarpus kemando,52.04,2.23,1.54,0.69058296,35.93793722,
Q6,7,W,10/19/18,19/10/2018,Madhuca tomentosa,19.03,5.77,3.36,0.582322357,11.08159445,
Q6,7,W,10/19/18,19/10/2018,Diospyros maingayi,41.89,7.63,4.4,0.576671035,24.15674967,
Q6,7,W,10/19/18,19/10/2018,Campnosperma squamatum,15.65,6,4.15,0.691666667,10.82458333,
Q6,7,W,10/19/18,19/10/2018,Pometia pinnata,36.54,3.14,1.4,0.445859873,16.29171975,
Q9,6,W,10/19/18,19/10/2018,Gluta wallichii,31.29,5.7,4.48,0.785964912,24.59284211,
Q9,6,W,10/19/18,19/10/2018,Pometia pinnata,12.2,3.02,1.49,0.493377483,6.019205298,
Q9,6,W,10/19/18,19/10/2018,Madhuca tomentosa,9.13,5.47,2.99,0.546617916,4.990621572,
Q9,6,W,10/19/18,19/10/2018,Campnosperma squamatum,37.95,11.69,6.62,0.566295979,21.49093242,
Q9,6,W,10/19/18,19/10/2018,Dalbergia pseudo-sissoo,83.44,2.74,1.16,0.423357664,35.3249635,
Q4,7,W,10/24/18,24/10/2018,Dalbergia pseudo-sissoo,2.42,1.39,1.24,0.892086331,2.158848921,
Q4,7,W,10/24/18,24/10/2018,Xanthophyllum flavescens,6.28,1.99,1.71,0.859296482,5.39638191,
Q4,7,W,10/24/18,24/10/2018,Lophopetalum multinervium,8.23,6.03,5.29,0.877280265,7.220016584,
Q4,7,W,10/24/18,24/10/2018,Madhuca tomentosa,3.22,3.22,2.85,0.885093168,2.85,
Q4,7,W,10/24/18,24/10/2018,U26,5.49,4.37,3.92,0.897025172,4.924668192,
Q4,7,W,10/24/18,24/10/2018,Myristica cinnamomea,1.87,1.87,1.71,0.914438503,1.71,
Q4,7,W,10/24/18,24/10/2018,U27,4.84,1.82,1.64,0.901098901,4.361318681,
Q10,6,W,10/24/18,24/10/2018,Bauhinia semibifida,17.76,1.55,1.38,0.890322581,15.81212903,
Q10,6,W,10/24/18,24/10/2018,Campnosperma squamatum,28.99,6.22,5.12,0.823151125,23.86315113,
Q10,6,W,10/24/18,24/10/2018,Aporosa frutescens,1.79,0.56,0.5,0.892857143,1.598214286,
Q10,6,W,10/24/18,24/10/2018,Xanthophyllum flavescens,0.68,0.68,0.62,0.911764706,0.62,
Q10,6,W,10/24/18,24/10/2018,Bhesa paniculata,1.63,1.63,1.47,0.901840491,1.47,
Q10,6,W,10/24/18,24/10/2018,Grewia laevigata,3.6,1.2,1.07,0.891666667,3.21,
Q10,6,W,10/24/18,24/10/2018,Elaeocarpus mastersii,4.22,1.13,1,0.884955752,3.734513274,
Q10,6,W,10/24/18,24/10/2018,Myristica cinnamomea,3.76,1.33,1.2,0.902255639,3.392481203,
Q10,6,W,10/24/18,24/10/2018,Dalbergia pseudo-sissoo,6.38,0.99,0.88,0.888888889,5.671111111,
Q10,6,W,10/24/18,24/10/2018,Uncaria cordata,3.53,2.48,2.21,0.891129032,3.145685484,
Q10,6,W,10/24/18,24/10/2018,Alstonia pneumatophora,5.48,1.64,1.19,0.725609756,3.976341463,
Q10,6,W,10/24/18,24/10/2018,Fissistigma latifolium var. ovoideum,9.86,3.63,3.25,0.895316804,8.827823691,
Q10,6,W,10/24/18,24/10/2018,Gironniera nervosa,0.73,0.73,0.68,0.931506849,0.68,
Q1,6,D,10/24/18,24/10/2018,Xanthophyllum flavescens,8.53,1.6,1.44,0.9,7.677,
Q1,6,D,10/24/18,24/10/2018,Gironniera nervosa,4.95,2.7,2.45,0.907407407,4.491666667,
Q1,6,D,10/24/18,24/10/2018,Canarium pilosum,4.56,1.84,1.67,0.907608696,4.138695652,
Q1,6,D,10/24/18,24/10/2018,Timonius wallichianus,4.8,1.37,1.24,0.905109489,4.344525547,
Q1,6,D,10/24/18,24/10/2018,U2,10.09,1.75,1.46,0.834285714,8.417942857,
Q1,6,D,10/24/18,24/10/2018,Leuconotis griffithii,14.27,4.64,4.1,0.88362069,12.60926724,
Q1,6,D,10/24/18,24/10/2018,Pternandra echinata,1.67,0.79,0.69,0.873417722,1.458607595,
Q1,6,D,10/24/18,24/10/2018,Aporosa frutescens,0.73,0.45,0.41,0.911111111,0.665111111,
Q1,6,D,10/24/18,24/10/2018,Bauhinia semibifida,0.92,0.67,0.59,0.880597015,0.810149254,
Q1,6,D,10/24/18,24/10/2018,Prunus polystachya,21.61,8.82,7.63,0.865079365,18.69436508,
Q1,6,D,10/24/18,24/10/2018,U5,1.92,1.11,1.03,0.927927928,1.781621622,
Q1,6,D,10/24/18,24/10/2018,Bhesa paniculata,16.06,5.25,4.88,0.92952381,14.92815238,
Q1,6,D,10/24/18,24/10/2018,Grewia laevigata,10.46,1.58,1.39,0.879746835,9.202151899,
Q1,6,D,10/24/18,24/10/2018,U3,1.14,1.14,1.05,0.921052632,1.05,
Q3,6,W,10/24/18,24/10/2018,Sterculia cordata,1.38,1.38,1.23,0.891304348,1.23,
Q3,6,W,10/24/18,24/10/2018,Xanthophyllum flavescens,1.38,1.38,1.23,0.891304348,1.23,
Q3,6,W,10/24/18,24/10/2018,Myristica cinnamomea,8.38,1.74,1.53,0.879310345,7.36862069,
Q3,6,W,10/24/18,24/10/2018,Dalbergia pseudo-sissoo,4.91,1.77,1.58,0.892655367,4.382937853,
Q3,6,W,10/24/18,24/10/2018,Maasia glauca,8.92,2.36,2.12,0.898305085,8.012881356,
Q3,6,W,10/24/18,24/10/2018,Gluta wallichii,3.59,3.59,3.22,0.896935933,3.22,
Q3,6,W,10/24/18,24/10/2018,Madhuca tomentosa,11.76,3.37,2.93,0.869436202,10.22456973,
Q3,6,W,10/24/18,24/10/2018,U16,6.43,3.09,2.77,0.896440129,5.764110032,
Q3,6,W,10/24/18,24/10/2018,Lophopetalum multinervium,6.01,6.01,5.27,0.87687188,5.27,
Q3,6,W,10/24/18,24/10/2018,U17,9.31,1.39,1.1,0.791366906,7.367625899,
Q3,6,W,10/24/18,24/10/2018,U18,51.59,1.58,1.44,0.911392405,47.01873418,
Q408,7,D,10/31/18,31/10/2018,Leuconotis griffithii,23.38,6.53,3.37,0.516079632,12.06594181,
Q408,7,D,10/31/18,31/10/2018,Rhodamnia cinerea,11.8,1.87,1.12,0.598930481,7.067379679,
Q408,7,D,10/31/18,31/10/2018,Timonius wallichianus,5.01,3.04,1.02,0.335526316,1.680986842,
Q408,7,D,10/31/18,31/10/2018,Gironniera nervosa,15.81,5.06,1.62,0.320158103,5.061699605,
Q408,7,D,10/31/18,31/10/2018,Knema malayana,0.79,0.79,0.45,0.569620253,0.45,
Q408,7,D,10/31/18,31/10/2018,U59,3.51,2.87,1.89,0.658536585,2.311463415,
Q408,7,D,10/31/18,31/10/2018,Lithocarpus ewyckii,87.02,2.62,1.36,0.519083969,45.17068702,
Q408,7,D,10/31/18,31/10/2018,Prunus polystachya,3.03,3.03,2.3,0.759075908,2.3,
Q408,7,D,10/31/18,31/10/2018,Fissistigma latifolium var. ovoideum,38.31,13.09,6.92,0.528647823,20.25249809,
Q213,7,D,10/31/18,31/10/2018,Rhodamnia cinerea,14.59,1.65,0.76,0.460606061,6.720242424,
Q213,7,D,10/31/18,31/10/2018,Gironniera nervosa,9.43,3.94,1.67,0.423857868,3.996979695,
Q213,7,D,10/31/18,31/10/2018,Calophyllum tetrapterum var. tetrapterum,6.72,1.35,0.54,0.4,2.688,
Q213,7,D,10/31/18,31/10/2018,Prunus polystachya,23.6,12.61,6.84,0.542426646,12.80126883,
Q213,7,D,10/31/18,31/10/2018,Smilax setosa,24.17,9.49,4.13,0.435194942,10.51866175,
Q213,7,D,10/31/18,31/10/2018,U14,0.14,0.14,0.13,0.928571429,0.13,
Q213,7,D,10/31/18,31/10/2018,Aporosa frutescens,10.04,1.66,0.71,0.427710843,4.294216867,
Q213,7,D,10/31/18,31/10/2018,Dysoxylum cauliflorum,41.26,6.73,2.68,0.398216939,16.43043091,
Q213,7,D,10/31/18,31/10/2018,Pentace triptera,80.49,6.46,3.01,0.465944272,37.50385449,
Q213,7,D,10/31/18,31/10/2018,Archidendron clypearia,21.12,1.57,0.47,0.299363057,6.322547771,
Q213,7,D,10/31/18,31/10/2018,Timonius wallichianus,4.96,2.73,0.66,0.241758242,1.199120879,
Q405,7,D,10/31/18,31/10/2018,Bauhinia semibifida,197.5,3.75,0.91,0.242666667,47.92666667,
Q405,7,D,10/31/18,31/10/2018,Uncaria cordata,8.69,7.81,6.74,0.862996159,7.49943662,
Q405,7,D,10/31/18,31/10/2018,Bhesa paniculata,17.61,4.6,3.9,0.847826087,14.93021739,
Q405,7,D,10/31/18,31/10/2018,Prunus polystachya,111.32,19.9,11.44,0.574874372,63.99501508,
Q405,7,D,10/31/18,31/10/2018,Pternandra echinata,3.52,1.29,0.59,0.457364341,1.609922481,
Q405,7,D,10/31/18,31/10/2018,1,5.96,2.02,1.47,0.727722772,4.337227723,
Q405,7,D,10/31/18,31/10/2018,Mallotus paniculatus,2.3,1.75,0.88,0.502857143,1.156571429,
Q405,7,D,10/31/18,31/10/2018,Elaeocarpus stipularis,10.29,2.82,1.2,0.425531915,4.378723404,
Q405,7,D,10/31/18,31/10/2018,Archidendron clypearia,7.36,0.62,0.33,0.532258065,3.917419355,
Q405,7,D,10/31/18,31/10/2018,Rhodamnia cinerea,1.17,0.66,0.55,0.833333333,0.975,
Q405,7,D,10/31/18,31/10/2018,Grewia laevigata,0.36,0.36,0.31,0.861111111,0.31,
Q405,7,D,10/31/18,31/10/2018,Timonius wallichianus,1.05,1.05,0.82,0.780952381,0.82,
Q405,7,D,10/31/18,31/10/2018,Gironniera nervosa,0.82,0.82,0.73,0.890243902,0.73,
Q405,7,D,10/31/18,31/10/2018,Litsea firma,1.61,1.26,0.76,0.603174603,0.971111111,
Q405,7,D,10/31/18,31/10/2018,2,2.4,2.24,1.28,0.571428571,1.371428571,
Q405,7,D,10/31/18,31/10/2018,Lindera lucida,8.83,3.59,3.06,0.852367688,7.526406685,
Q9,7,W,11/1/2018,1/11/2018,Lophopetalum multinervium,5.39,5.39,3.97,0.736549165,3.97,
Q9,7,W,11/1/2018,1/11/2018,Pometia pinnata,7.8,2.8,1.22,0.435714286,3.398571429,
Q9,7,W,11/1/2018,1/11/2018,1,5.65,2.78,1.38,0.496402878,2.804676259,
Q9,7,W,11/1/2018,1/11/2018,Madhuca tomentosa,3.09,3.09,1.58,0.511326861,1.58,
Q9,7,W,11/1/2018,1/11/2018,Gluta wallichii,28,7.11,5.17,0.727144866,20.36005626,
Q9,7,W,11/1/2018,1/11/2018,Campnosperma squamatum,39.84,13.02,6.03,0.463133641,18.45124424,
Q9,7,W,11/1/2018,1/11/2018,Shorea,22.66,4.48,2.64,0.589285714,13.35321429,leprosula
Q9,7,W,11/1/2018,1/11/2018,Dalbergia pseudo-sissoo,32.1,2.25,1.01,0.448888889,14.40933333,
Q9,7,W,11/1/2018,1/11/2018,2,7.3,3.5,1.75,0.5,3.65,
Q9,7,W,11/1/2018,1/11/2018,Calophyllum wallichianum var. incrassatum,0.53,0.53,0.28,0.528301887,0.28,
Q6,8,W,11/1/2018,1/11/2018,Bauhinia semibifida,0.77,0.77,0.2,0.25974026,0.2,
Q6,8,W,11/1/2018,1/11/2018,Artocarpus kemando,31.3,2.16,1.23,0.569444444,17.82361111,
Q6,8,W,11/1/2018,1/11/2018,Diospyros maingayi,25.27,4.61,2.69,0.5835141,14.7454013,
Q6,8,W,11/1/2018,1/11/2018,Pometia pinnata,16.45,1.91,1.08,0.565445026,9.301570681,
Q6,8,W,11/1/2018,1/11/2018,Campnosperma squamatum,13.24,6.49,3.59,0.553158706,7.323821263,
Q6,8,W,11/1/2018,1/11/2018,Madhuca tomentosa,11.44,4.27,2.79,0.653395785,7.474847775,
Q6,8,W,11/1/2018,1/11/2018,Lophopetalum multinervium,1.24,1.24,1.03,0.830645161,1.03,
Q6,8,W,11/1/2018,1/11/2018,Dalbergia pseudo-sissoo,0.54,0.54,0.33,0.611111111,0.33,
Q107,8,D,11/1/2018,1/11/2018,Grewia laevigata,7.06,1.79,1.07,0.597765363,4.220223464,
Q107,8,D,11/1/2018,1/11/2018,Nothaphoebe umbelliflora,8.91,3.2,1.88,0.5875,5.234625,
Q107,8,D,11/1/2018,1/11/2018,Buchanania sessifolia,4.08,2.3,1.26,0.547826087,2.235130435,
Q107,8,D,11/1/2018,1/11/2018,Willughbeia coriacea,3.55,3.55,1.76,0.495774648,1.76,
Q107,8,D,11/1/2018,1/11/2018,1,4.34,3.86,1.52,0.393782383,1.709015544,
Q107,8,D,11/1/2018,1/11/2018,U9,4.22,3.68,1.4,0.380434783,1.605434783,
Q107,8,D,11/1/2018,1/11/2018,3,4.39,1.04,0.21,0.201923077,0.886442308,
Q107,8,D,11/1/2018,1/11/2018,Gironniera nervosa,2.7,2.7,1.42,0.525925926,1.42,
Q107,8,D,11/1/2018,1/11/2018,Fissistigma latifolium var. ovoideum,10.73,6.18,1.89,0.305825243,3.281504854,
Q107,8,D,11/1/2018,1/11/2018,Adenanthera malayana,33.64,1.17,0.31,0.264957265,8.913162393,
Q107,8,D,11/1/2018,1/11/2018,U19,21.78,3.71,2.22,0.598382749,13.03277628,
Q107,8,D,11/1/2018,1/11/2018,Aporosa prainiana,10.68,4.26,1.91,0.448356808,4.788450704,
Q107,8,D,11/1/2018,1/11/2018,Aporosa frutescens,0.33,0.33,0.16,0.484848485,0.16,
Q107,8,D,11/1/2018,1/11/2018,Strychnos,22.34,1.64,0.76,0.463414634,10.35268293,
Q107,8,D,11/1/2018,1/11/2018,Bauhinia semibifida,46.56,2.58,0.52,0.201550388,9.384186047,
Q4,8,W,11/6/2018,6/11/2018,Xanthophyllum flavescens,21.39,6.67,2.59,0.388305847,8.305862069,
Q4,8,W,11/6/2018,6/11/2018,Lophopetalum multinervium,5.96,5.96,4.84,0.812080537,4.84,
Q4,8,W,11/6/2018,6/11/2018,Dalbergia pseudo-sissoo,5.2,2.28,0.94,0.412280702,2.143859649,
Q4,8,W,11/6/2018,6/11/2018,U27,26.15,2.36,1.12,0.474576271,12.41016949,
Q4,8,W,11/6/2018,6/11/2018,Bauhinia semibifida,0.22,0.22,0.18,0.818181818,0.18,
Q4,8,W,11/6/2018,6/11/2018,Myristica cinnamomea,1.75,1.75,0.93,0.531428571,0.93,
Q4,8,W,11/6/2018,6/11/2018,Madhuca tomentosa,20.12,9.64,4.76,0.493775934,9.934771784,
Q4,8,W,11/6/2018,6/11/2018,U26,10.38,10.38,4.75,0.45761079,4.75,
Q3,7,W,11/6/2018,6/11/2018,Xanthophyllum flavescens,23,6.75,3.13,0.463703704,10.66518519,
Q3,7,W,11/6/2018,6/11/2018,Lophopetalum multinervium,9.12,9.12,5.27,0.577850877,5.27,
Q3,7,W,11/6/2018,6/11/2018,Dalbergia pseudo-sissoo,4.16,1.78,0.94,0.528089888,2.196853933,
Q3,7,W,11/6/2018,6/11/2018,Myristica cinnamomea,10.07,2.64,1.3,0.492424242,4.958712121,
Q3,7,W,11/6/2018,6/11/2018,Maasia glauca,13.17,4.35,2.46,0.565517241,7.447862069,
Q3,7,W,11/6/2018,6/11/2018,U19,0.98,0.98,0.59,0.602040816,0.59,
Q3,7,W,11/6/2018,6/11/2018,1,5.42,1.57,0.79,0.503184713,2.727261146,
Q3,7,W,11/6/2018,6/11/2018,Gluta wallichii,2.83,2.83,1.74,0.614840989,1.74,
Q3,7,W,11/6/2018,6/11/2018,Madhuca tomentosa,11.63,6.02,3.47,0.57641196,6.703671096,
Q3,7,W,11/6/2018,6/11/2018,U16,7.59,3.07,2.1,0.684039088,5.191856678,
Q10,7,W,11/6/2018,6/11/2018,Campnosperma squamatum,38.96,9.27,3.85,0.415318231,16.18079827,
Q10,7,W,11/6/2018,6/11/2018,Bauhinia semibifida,78.08,4.16,0.85,0.204326923,15.95384615,
Q10,7,W,11/6/2018,6/11/2018,Fissistigma latifolium var. ovoideum,31.27,11.44,4.22,0.368881119,11.53491259,
Q10,7,W,11/6/2018,6/11/2018,1,24.36,7.43,1.68,0.226110363,5.508048452,
Q10,7,W,11/6/2018,6/11/2018,Uncaria cordata,10.89,4.23,2.44,0.576832151,6.281702128,
Q10,7,W,11/6/2018,6/11/2018,Timonius wallichianus,3.03,3.03,1.53,0.504950495,1.53,
Q10,7,W,11/6/2018,6/11/2018,Grewia laevigata,1.46,1.46,0.57,0.390410959,0.57,
Q10,7,W,11/6/2018,6/11/2018,Myristica cinnamomea,5.3,2.25,1.14,0.506666667,2.685333333,
Q10,7,W,11/6/2018,6/11/2018,Elaeocarpus mastersii,7.03,1.81,0.74,0.408839779,2.874143646,
Q10,7,W,11/6/2018,6/11/2018,Pternandra echinata,3.2,2.25,0.51,0.226666667,0.725333333,
Q10,7,W,11/6/2018,6/11/2018,Bhesa paniculata,2.31,2.31,1.31,0.567099567,1.31,
Q10,7,W,11/6/2018,6/11/2018,Xanthophyllum flavescens,1.83,1.83,0.74,0.404371585,0.74,
Q10,7,W,11/6/2018,6/11/2018,Madhuca tomentosa,1.62,1.62,0.6,0.37037037,0.6,
Q10,7,W,11/6/2018,6/11/2018,Dalbergia pseudo-sissoo,9,2.01,0.98,0.487562189,4.388059701,
Q10,7,W,11/6/2018,6/11/2018,Alstonia pneumatophora,13.48,3.85,1.13,0.293506494,3.956467532,
Q10,7,W,11/6/2018,6/11/2018,Aporosa frutescens,1.32,0.89,0.58,0.651685393,0.860224719,
Q1,7,D,11/6/2018,6/11/2018,U2,30.21,3.46,1.28,0.369942197,11.17595376,
Q1,7,D,11/6/2018,6/11/2018,Bhesa paniculata,30.37,6.3,5.42,0.86031746,26.12784127,
Q1,7,D,11/6/2018,6/11/2018,Prunus polystachya,41.55,11.07,6.66,0.601626016,24.99756098,
Q1,7,D,11/6/2018,6/11/2018,Bauhinia semibifida,3.73,2.58,0.57,0.220930233,0.824069767,
Q1,7,D,11/6/2018,6/11/2018,Leuconotis griffithii,5.95,3.35,2.28,0.680597015,4.049552239,
Q1,7,D,11/6/2018,6/11/2018,U5,14.55,9.08,1.23,0.135462555,1.970980176,
Q1,7,D,11/6/2018,6/11/2018,Gironniera nervosa,8.01,4.27,2.2,0.515222482,4.126932084,
Q1,7,D,11/6/2018,6/11/2018,Canarium pilosum,4.6,2.31,1.46,0.632034632,2.907359307,
Q1,7,D,11/6/2018,6/11/2018,U3,2.47,2.13,1.03,0.483568075,1.194413146,
Q1,7,D,11/6/2018,6/11/2018,Grewia laevigata,9.78,1.85,1.21,0.654054054,6.396648649,
Q1,7,D,11/6/2018,6/11/2018,Aporosa frutescens,2.49,0.79,0.47,0.594936709,1.481392405,
Q1,7,D,11/6/2018,6/11/2018,Xanthophyllum flavescens,17.14,2.36,1.36,0.576271186,9.877288136,
Q1,7,D,11/6/2018,6/11/2018,Timonius wallichianus,15,2.57,1.09,0.424124514,6.361867704,
Q1,7,D,11/6/2018,6/11/2018,Uncaria cordata,0.55,0.55,0.47,0.854545455,0.47,
Q1,7,D,11/6/2018,6/11/2018,Pternandra echinata,5.24,2.2,0.78,0.354545455,1.857818182,
Q213,8,D,11/14/18,14/11/2018,Calophyllum tetrapterum var. tetrapterum,14.75,1.21,0.56,0.462809917,6.826446281,
Q213,8,D,11/14/18,14/11/2018,Archidendron clypearia,13.67,1.39,0.48,0.345323741,4.72057554,
Q213,8,D,11/14/18,14/11/2018,Timonius wallichianus,1.84,1.39,1.04,0.748201439,1.376690647,
Q213,8,D,11/14/18,14/11/2018,Litsea firma,1.93,1.59,1.17,0.735849057,1.420188679,
Q213,8,D,11/14/18,14/11/2018,U14,5.63,4.45,0.94,0.211235955,1.189258427,
Q213,8,D,11/14/18,14/11/2018,Aporosa frutescens,2.36,0.76,0.52,0.684210526,1.614736842,
Q213,8,D,11/14/18,14/11/2018,Smilax setosa,24.09,7.82,4.86,0.621483376,14.97153453,
Q213,8,D,11/14/18,14/11/2018,Dysoxylum cauliflorum,25.4,8.32,2.65,0.318509615,8.090144231,
Q213,8,D,11/14/18,14/11/2018,Pentace triptera,10.09,8.12,3.2,0.39408867,3.97635468,
Q213,8,D,11/14/18,14/11/2018,Rhodamnia cinerea,23.81,2.03,0.94,0.463054187,11.0253202,
Q213,8,D,11/14/18,14/11/2018,Gironniera nervosa,11.56,4.36,1.48,0.339449541,3.924036697,
Q213,8,D,11/14/18,14/11/2018,Prunus polystachya,65.72,30.69,10.26,0.33431085,21.97090909,
Q408,8,D,11/14/18,14/11/2018,Gironniera nervosa,11.4,4.11,2.2,0.535279805,6.102189781,
Q408,8,D,11/14/18,14/11/2018,Rhodamnia cinerea,10.49,1.93,0.98,0.507772021,5.326528497,
Q408,8,D,11/14/18,14/11/2018,Leuconotis griffithii,28.4,6.26,3.07,0.490415335,13.92779553,
Q408,8,D,11/14/18,14/11/2018,Prunus polystachya,4.14,4.14,2.5,0.603864734,2.5,
Q408,8,D,11/14/18,14/11/2018,U59,22.27,5.38,2.58,0.479553903,10.67966543,
Q408,8,D,11/14/18,14/11/2018,Lithocarpus ewyckii,123.7,3.05,1.41,0.462295082,57.18590164,
Q408,8,D,11/14/18,14/11/2018,Fissistigma latifolium var. ovoideum,11.56,4.76,2.76,0.579831933,6.702857143,
Q405,8,D,11/14/18,14/11/2018,Litsea firma,7.25,1.87,0.71,0.379679144,2.752673797,
Q405,8,D,11/14/18,14/11/2018,Elaeocarpus stipularis,2.37,1.23,0.81,0.658536585,1.560731707,
Q405,8,D,11/14/18,14/11/2018,Timonius wallichianus,1.29,1.29,0.39,0.302325581,0.39,
Q405,8,D,11/14/18,14/11/2018,Grewia laevigata,0.24,0.24,0.2,0.833333333,0.2,
Q405,8,D,11/14/18,14/11/2018,Strychnos,0.55,0.55,0.14,0.254545455,0.14,
Q405,8,D,11/14/18,14/11/2018,Archidendron clypearia,3.12,0.47,0.32,0.680851064,2.124255319,
Q405,8,D,11/14/18,14/11/2018,Rhodamnia cinerea,1.23,0.82,0.71,0.865853659,1.065,
Q405,8,D,11/14/18,14/11/2018,U14,1.69,1.44,0.72,0.5,0.845,
Q405,8,D,11/14/18,14/11/2018,Gironniera nervosa,1.06,1.06,0.88,0.830188679,0.88,
Q405,8,D,11/14/18,14/11/2018,Uncaria cordata,9.99,9.99,6.27,0.627627628,6.27,
Q405,8,D,11/14/18,14/11/2018,Bhesa paniculata,21.15,15.6,7.72,0.494871795,10.46653846,
Q405,8,D,11/14/18,14/11/2018,Lindera lucida,5.65,4.32,3.43,0.793981481,4.48599537,
Q405,8,D,11/14/18,14/11/2018,Bauhinia semibifida,138.21,2.81,0.96,0.341637011,47.21765125,
Q405,8,D,11/14/18,14/11/2018,Prunus polystachya,174.82,14.33,9.42,0.657362177,114.9200558,
Q9,8,W,11/17/18,17/11/2018,Campnosperma squamatum,14.57,4.22,3.48,0.82464455,12.01507109,
Q9,8,W,11/17/18,17/11/2018,Gluta wallichii,27.73,4.88,3.79,0.776639344,21.53620902,
Q9,8,W,11/17/18,17/11/2018,Artocarpus kemando,2.98,1.74,1.43,0.82183908,2.44908046,
Q9,8,W,11/17/18,17/11/2018,Lophopetalum multinervium,14.77,7.45,6.46,0.867114094,12.80727517,
Q9,8,W,11/17/18,17/11/2018,Dalbergia pseudo-sissoo,9.31,1.08,0.92,0.851851852,7.930740741,
Q9,8,W,11/17/18,17/11/2018,Uncaria cordata var. cordata f. sundaica,1.36,1.36,1.21,0.889705882,1.21,
Q9,8,W,11/17/18,17/11/2018,Shorea,6.75,2.38,2.01,0.844537815,5.700630252,
Q107,9,D,11/17/18,17/11/2018,Gironniera nervosa,4.06,2.32,1.69,0.728448276,2.9575,
Q107,9,D,11/17/18,17/11/2018,Fissistigma latifolium var. ovoideum,3.64,3.07,2.53,0.824104235,2.999739414,
Q107,9,D,11/17/18,17/11/2018,Buchanania sessifolia,3,1.25,1.08,0.864,2.592,
Q107,9,D,11/17/18,17/11/2018,Bauhinia semibifida,4.56,1.58,0.48,0.303797468,1.385316456,
Q107,9,D,11/17/18,17/11/2018,Strychnos,9.58,1.36,0.74,0.544117647,5.212647059,
Q107,9,D,11/17/18,17/11/2018,Adenanthera malayana,15.74,0.77,0.29,0.376623377,5.928051948,
Q107,9,D,11/17/18,17/11/2018,Willughbeia coriacea,2.76,2.76,1.74,0.630434783,1.74,
Q107,9,D,11/17/18,17/11/2018,Nothaphoebe umbelliflora,2.74,1.9,1.62,0.852631579,2.336210526,
Q107,9,D,11/17/18,17/11/2018,Grewia laevigata,3.3,1.48,1.16,0.783783784,2.586486486,
Q107,9,D,11/17/18,17/11/2018,Aporosa prainiana,5.19,1.79,1.5,0.837988827,4.349162011,
Q107,9,D,11/17/18,17/11/2018,U9,1.76,1.76,0.72,0.409090909,0.72,
Q107,9,D,11/17/18,17/11/2018,U19,5.52,2.54,2.09,0.822834646,4.542047244,
Q6,9,W,11/17/18,17/11/2018,Campnosperma squamatum,31.53,7.53,5.26,0.698539177,22.02494024,
Q6,9,W,11/17/18,17/11/2018,Artocarpus kemando,23.9,2.26,1.36,0.601769912,14.38230088,
Q6,9,W,11/17/18,17/11/2018,Diospyros maingayi,7.86,5.07,3.63,0.715976331,5.627573964,
Q6,9,W,11/17/18,17/11/2018,Pometia pinnata,7.8,1.74,1.22,0.701149425,5.468965517,
Q6,9,W,11/17/18,17/11/2018,Bauhinia semibifida,0.14,0.14,0.1,0.714285714,0.1,
Q6,9,W,11/17/18,17/11/2018,Leuconotis griffithii,0.44,0.44,0.36,0.818181818,0.36,
Q6,9,W,11/17/18,17/11/2018,Madhuca tomentosa,17,4.06,2.9,0.714285714,12.14285714,
Q10,8,W,11/21/18,21/11/2018,Uncaria cordata,5.78,5.14,2.66,0.517509728,2.991206226,
Q10,8,W,11/21/18,21/11/2018,Elaeocarpus mastersii,6.9,1.12,0.62,0.553571429,3.819642857,
Q10,8,W,11/21/18,21/11/2018,Aporosa frutescens,1.91,1.22,0.48,0.393442623,0.75147541,
Q10,8,W,11/21/18,21/11/2018,Campnosperma squamatum,20.44,5.81,3.67,0.631669535,12.9113253,
Q10,8,W,11/21/18,21/11/2018,Fissistigma latifolium var. ovoideum,15.76,7.17,3.65,0.509065551,8.022873082,
Q10,8,W,11/21/18,21/11/2018,1,17.03,0.84,0.25,0.297619048,5.068452381,
Q10,8,W,11/21/18,21/11/2018,Myristica cinnamomea,6.3,2.14,1.14,0.53271028,3.356074766,
Q10,8,W,11/21/18,21/11/2018,Dalbergia pseudo-sissoo,3.8,1.25,0.7,0.56,2.128,
Q10,8,W,11/21/18,21/11/2018,Grewia laevigata,1.81,0.94,0.58,0.617021277,1.116808511,
Q10,8,W,11/21/18,21/11/2018,2,8.83,3.29,1.05,0.319148936,2.818085106,
Q10,8,W,11/21/18,21/11/2018,Bauhinia semibifida,49.5,3.5,1.18,0.337142857,16.68857143,
Q3,8,W,11/21/18,21/11/2018,Maasia glauca,12.85,4.48,2.12,0.473214286,6.080803571,
Q3,8,W,11/21/18,21/11/2018,Madhuca tomentosa,27.84,7.9,3.58,0.453164557,12.61610127,
Q3,8,W,11/21/18,21/11/2018,Lophopetalum multinervium,2.82,2.82,2.34,0.829787234,2.34,
Q3,8,W,11/21/18,21/11/2018,Xanthophyllum flavescens,7.05,4.6,2.15,0.467391304,3.295108696,
Q3,8,W,11/21/18,21/11/2018,Myristica cinnamomea,5.76,2.64,1.51,0.571969697,3.294545455,
Q3,8,W,11/21/18,21/11/2018,Dalbergia pseudo-sissoo,2.69,2.69,1.24,0.460966543,1.24,
Q3,8,W,11/21/18,21/11/2018,U16,4.08,4.08,1.84,0.450980392,1.84,
Q1,8,D,11/21/18,21/11/2018,Gironniera nervosa,13.77,5,2.8,0.56,7.7112,
Q1,8,D,11/21/18,21/11/2018,Grewia laevigata,5.35,2.04,1.13,0.553921569,2.963480392,
Q1,8,D,11/21/18,21/11/2018,U2,24.19,3.68,0.94,0.255434783,6.178967391,
Q1,8,D,11/21/18,21/11/2018,Aporosa frutescens,8.15,0.94,0.47,0.5,4.075,
Q1,8,D,11/21/18,21/11/2018,Canarium pilosum,7.75,2.42,1.45,0.599173554,4.643595041,
Q1,8,D,11/21/18,21/11/2018,Uncaria cordata,3.89,3.89,1.91,0.491002571,1.91,
Q1,8,D,11/21/18,21/11/2018,U5,0.48,0.48,0.13,0.270833333,0.13,
Q1,8,D,11/21/18,21/11/2018,Bauhinia semibifida,0.97,0.97,0.2,0.206185567,0.2,
Q1,8,D,11/21/18,21/11/2018,U3,6.42,3.51,1.14,0.324786325,2.085128205,
Q1,8,D,11/21/18,21/11/2018,Leuconotis griffithii,10.6,4.63,3.27,0.706263499,7.486393089,
Q1,8,D,11/21/18,21/11/2018,Xanthophyllum flavescens,30.6,3.63,1.99,0.548209366,16.77520661,
Q1,8,D,11/21/18,21/11/2018,Bhesa paniculata,71.36,9.7,4.63,0.477319588,34.06152577,
Q1,8,D,11/21/18,21/11/2018,Timonius wallichianus,18.92,2.59,0.99,0.382239382,7.231969112,
Q1,8,D,11/21/18,21/11/2018,Prunus polystachya,27.53,9.59,6.3,0.656934307,18.08540146,
Q4,9,W,11/22/18,22/11/2018,Lophopetalum multinervium,3.33,3.33,2.92,0.876876877,2.92,
Q4,9,W,11/22/18,22/11/2018,Dalbergia pseudo-sissoo,1.52,1.52,0.59,0.388157895,0.59,
Q4,9,W,11/22/18,22/11/2018,Madhuca tomentosa,5.81,3.42,2.76,0.807017544,4.68877193,
Q4,9,W,11/22/18,22/11/2018,U27,8.53,1.96,1.8,0.918367347,7.833673469,
Q4,9,W,11/22/18,22/11/2018,Xanthophyllum flavescens,14.86,3.55,1.8,0.507042254,7.534647887,
Q4,9,W,11/22/18,22/11/2018,U16,6.88,3.62,1.73,0.477900552,3.287955801,
Q4,9,W,11/22/18,22/11/2018,Bauhinia semibifida,0.06,0.06,0.05,0.833333333,0.05,
Q405,9,D,11/28/18,28/11/2018,Prunus polystachya,41.32,18.92,12.84,0.678646934,28.04169133,
Q405,9,D,11/28/18,28/11/2018,Elaeocarpus stipularis,5.12,2.6,0.93,0.357692308,1.831384615,
Q405,9,D,11/28/18,28/11/2018,Litsea firma,4.39,2.03,0.89,0.438423645,1.924679803,
Q405,9,D,11/28/18,28/11/2018,Uncaria cordata,4.41,4.41,2.49,0.56462585,2.49,
Q405,9,D,11/28/18,28/11/2018,U14,4.99,3.13,0.65,0.207667732,1.036261981,
Q405,9,D,11/28/18,28/11/2018,Dysoxylum cauliflorum,0.94,0.94,0.58,0.617021277,0.58,
Q405,9,D,11/28/18,28/11/2018,Grewia laevigata,0.14,0.14,0.05,0.357142857,0.05,
Q405,9,D,11/28/18,28/11/2018,Timonius wallichianus,1.45,1.45,0.8,0.551724138,0.8,
Q405,9,D,11/28/18,28/11/2018,Archidendron clypearia,5.81,1,0.41,0.41,2.3821,
Q405,9,D,11/28/18,28/11/2018,Rhodamnia cinerea,0.58,0.49,0.22,0.448979592,0.260408163,
Q405,9,D,11/28/18,28/11/2018,Bhesa paniculata,31.26,12.91,6.12,0.474051123,14.81883811,
Q405,9,D,11/28/18,28/11/2018,Lindera lucida,7.11,7.11,3.34,0.4697609,3.34,
Q405,9,D,11/28/18,28/11/2018,Xanthophyllum flavescens,1.85,1.85,0.91,0.491891892,0.91,
Q405,9,D,11/28/18,28/11/2018,Bauhinia semibifida,89.83,3.51,1.38,0.393162393,35.31777778,
Q213,9,D,11/28/18,28/11/2018,Pentace triptera,6.53,4.9,2.54,0.518367347,3.384938776,
Q213,9,D,11/28/18,28/11/2018,Archidendron clypearia,19.34,1.43,0.47,0.328671329,6.356503497,
Q213,9,D,11/28/18,28/11/2018,Timonius wallichianus,1.6,1.6,0.72,0.45,0.72,
Q213,9,D,11/28/18,28/11/2018,Leuconotis griffithii,1.6,1.6,0.87,0.54375,0.87,
Q213,9,D,11/28/18,28/11/2018,Litsea firma,10.76,3.26,1.4,0.429447853,4.620858896,
Q213,9,D,11/28/18,28/11/2018,Calophyllum tetrapterum var. tetrapterum,8.56,1.11,0.5,0.45045045,3.855855856,
Q213,9,D,11/28/18,28/11/2018,U14,5.98,3.76,0.66,0.175531915,1.049680851,
Q213,9,D,11/28/18,28/11/2018,Gironniera nervosa,13.13,6.54,2,0.305810398,4.01529052,
Q213,9,D,11/28/18,28/11/2018,Dysoxylum cauliflorum,20.38,3.85,1.86,0.483116883,9.845922078,
Q213,9,D,11/28/18,28/11/2018,Prunus polystachya,32.07,18.21,8.34,0.457990115,14.687743,
Q213,9,D,11/28/18,28/11/2018,Aporosa frutescens,6.58,0.85,0.35,0.411764706,2.709411765,
Q213,9,D,11/28/18,28/11/2018,Smilax setosa,13.94,8.32,4.39,0.527644231,7.355360577,
Q213,9,D,11/28/18,28/11/2018,Rhodamnia cinerea,14.83,2.17,1.06,0.488479263,7.244147465,
Q408,9,D,11/28/18,28/11/2018,Rhodamnia cinerea,10.31,1.92,1.05,0.546875,5.63828125,
Q408,9,D,11/28/18,28/11/2018,Fissistigma latifolium var. ovoideum,7.07,7.07,3.1,0.438472419,3.1,
Q408,9,D,11/28/18,28/11/2018,Prunus polystachya,7.11,7.11,4.94,0.694796062,4.94,
Q408,9,D,11/28/18,28/11/2018,Gironniera nervosa,15.36,5.46,2.23,0.408424908,6.273406593,
Q408,9,D,11/28/18,28/11/2018,Leuconotis griffithii,31.17,7.3,3.4,0.465753425,14.51753425,
Q408,9,D,11/28/18,28/11/2018,U59,52.75,7.4,3.16,0.427027027,22.52567568,
Q408,9,D,11/28/18,28/11/2018,Timonius wallichianus,12.31,2.94,0.93,0.316326531,3.893979592,
Q408,9,D,11/28/18,28/11/2018,Lithocarpus ewyckii,80.27,2.32,1.25,0.538793103,43.24892241,
Q6,10,W,11/30/18,30/11/2018,Diospyros maingayi,16.73,6.25,2.86,0.4576,7.655648,
Q6,10,W,11/30/18,30/11/2018,Pometia pinnata,16.53,2.64,1.26,0.477272727,7.889318182,
Q6,10,W,11/30/18,30/11/2018,Artocarpus kemando,47.96,2.94,1.44,0.489795918,23.49061224,
Q6,10,W,11/30/18,30/11/2018,Madhuca tomentosa,26.64,5.76,2.46,0.427083333,11.3775,
Q6,10,W,11/30/18,30/11/2018,Campnosperma squamatum,35.44,9.94,5.09,0.512072435,18.14784708,
Q6,10,W,11/30/18,30/11/2018,Lophopetalum multinervium,1.48,1.48,0.87,0.587837838,0.87,
Q9,9,W,11/30/18,30/11/2018,Gluta wallichii,55.3,9.77,4.81,0.492323439,27.22548618,
Q9,9,W,11/30/18,30/11/2018,Artocarpus kemando,2.34,2.34,1.06,0.452991453,1.06,
Q9,9,W,11/30/18,30/11/2018,Madhuca tomentosa,1.72,1.72,0.79,0.459302326,0.79,
Q9,9,W,11/30/18,30/11/2018,Pometia pinnata,0.35,0.35,0.09,0.257142857,0.09,
Q9,9,W,11/30/18,30/11/2018,Bauhinia semibifida,0.27,0.27,0.06,0.222222222,0.06,
Q9,9,W,11/30/18,30/11/2018,1,13.53,3.25,1.55,0.476923077,6.452769231,
Q9,9,W,11/30/18,30/11/2018,Shorea,2.65,2.65,0.99,0.373584906,0.99,
Q9,9,W,11/30/18,30/11/2018,Campnosperma squamatum,41.1,12.08,6.35,0.525662252,21.60471854,
Q9,9,W,11/30/18,30/11/2018,Lophopetalum multinervium,24.94,15.38,7.36,0.478543563,11.93487646,
Q9,9,W,11/30/18,30/11/2018,Dalbergia pseudo-sissoo,34.86,3.23,1.15,0.356037152,12.41145511,
Q107,10,D,11/30/18,30/11/2018,Gironniera nervosa,19.53,7.56,2.31,0.305555556,5.9675,
Q107,10,D,11/30/18,30/11/2018,1,14.94,3.94,1.59,0.403553299,6.029086294,
Q107,10,D,11/30/18,30/11/2018,Strychnos,14.5,2.12,0.8,0.377358491,5.471698113,
Q107,10,D,11/30/18,30/11/2018,Grewia laevigata,7.41,3.19,1.28,0.401253918,2.973291536,
Q107,10,D,11/30/18,30/11/2018,U19,7.95,3.68,1.64,0.445652174,3.542934783,
Q107,10,D,11/30/18,30/11/2018,Aporosa prainiana,7.01,4.06,1.23,0.302955665,2.123719212,
Q107,10,D,11/30/18,30/11/2018,U9,8.12,4.67,1.38,0.295503212,2.399486081,
Q107,10,D,11/30/18,30/11/2018,Adenanthera malayana,25.08,1.16,0.19,0.163793103,4.107931034,
Q107,10,D,11/30/18,30/11/2018,Bauhinia semibifida,8.19,3.17,0.68,0.214511041,1.756845426,
Q107,10,D,11/30/18,30/11/2018,Buchanania sessifolia,2.26,1.48,0.85,0.574324324,1.297972973,
Q107,10,D,11/30/18,30/11/2018,Willughbeia coriacea,2.71,2.71,1.29,0.47601476,1.29,
Q107,10,D,11/30/18,30/11/2018,Nothaphoebe umbelliflora,8.35,3.34,1.79,0.535928144,4.475,
Q107,10,D,11/30/18,30/11/2018,Fissistigma latifolium var. ovoideum,11.54,10.52,1.89,0.179657795,2.073250951,
Q3,9,W,12/5/2018,5/12/2018,Xanthophyllum flavescens,6.05,4.69,2.57,0.547974414,3.315245203,
Q3,9,W,12/5/2018,5/12/2018,U19,5.77,5.77,2.84,0.49220104,2.84,
Q3,9,W,12/5/2018,5/12/2018,Madhuca tomentosa,18.44,7.4,2.81,0.37972973,7.002216216,
Q3,9,W,12/5/2018,5/12/2018,Lophopetalum multinervium,7.7,7.7,3.79,0.492207792,3.79,
Q3,9,W,12/5/2018,5/12/2018,Myristica cinnamomea,6.12,3.18,1.38,0.433962264,2.655849057,
Q3,9,W,12/5/2018,5/12/2018,Sterculia cordata,10.28,10.28,1.23,0.119649805,1.23,
Q3,9,W,12/5/2018,5/12/2018,Maasia glauca,9.01,4.77,1.86,0.389937107,3.513333333,
Q3,9,W,12/5/2018,5/12/2018,U16,12.07,4.65,1.7,0.365591398,4.412688172,
Q3,9,W,12/5/2018,5/12/2018,Dalbergia pseudo-sissoo,2.02,2.02,1.12,0.554455446,1.12,
Q3,9,W,12/5/2018,5/12/2018,Gluta wallichii,2.52,2.52,1.98,0.785714286,1.98,
Q3,9,W,12/5/2018,5/12/2018,1,9.54,2.29,1,0.436681223,4.165938865,
Q4,10,W,12/5/2018,5/12/2018,Xanthophyllum flavescens,15.34,5.2,2.29,0.440384615,6.7555,
Q4,10,W,12/5/2018,5/12/2018,U27,15.84,2.37,0.7,0.29535865,4.678481013,
Q4,10,W,12/5/2018,5/12/2018,Madhuca tomentosa,13.74,6.38,2.63,0.412225705,5.663981191,
Q4,10,W,12/5/2018,5/12/2018,Myristica cinnamomea,7.29,3.48,1.27,0.364942529,2.660431034,
Q4,10,W,12/5/2018,5/12/2018,Dalbergia pseudo-sissoo,3.93,2.35,0.79,0.336170213,1.321148936,
Q4,10,W,12/5/2018,5/12/2018,Lophopetalum multinervium,2.49,2.49,2.07,0.831325301,2.07,
Q4,10,W,12/5/2018,5/12/2018,Bauhinia semibifida,4.09,2.71,0.67,0.247232472,1.011180812,
Q4,10,W,12/5/2018,5/12/2018,U16,3.48,3.48,1.44,0.413793103,1.44,
Q10,9,W,12/5/2018,5/12/2018,Uncaria cordata,18.84,8.47,2.82,0.332939787,6.272585596,
Q10,9,W,12/5/2018,5/12/2018,Alstonia pneumatophora,9.51,3.63,0.95,0.261707989,2.488842975,
Q10,9,W,12/5/2018,5/12/2018,Elaeocarpus mastersii,9.57,2.31,0.96,0.415584416,3.977142857,
Q10,9,W,12/5/2018,5/12/2018,Fissistigma latifolium var. ovoideum,33.07,7.15,4.37,0.611188811,20.21201399,
Q10,9,W,12/5/2018,5/12/2018,Campnosperma squamatum,72.67,18.4,6.33,0.344021739,25.00005978,
Q10,9,W,12/5/2018,5/12/2018,Myristica cinnamomea,4.79,2.81,1.12,0.398576512,1.909181495,
Q10,9,W,12/5/2018,5/12/2018,Grewia laevigata,3.59,2.43,0.8,0.329218107,1.181893004,
Q10,9,W,12/5/2018,5/12/2018,Dalbergia pseudo-sissoo,5.94,1.99,0.88,0.442211055,2.626733668,
Q10,9,W,12/5/2018,5/12/2018,Aporosa frutescens,0.78,0.78,0.24,0.307692308,0.24,
Q10,9,W,12/5/2018,5/12/2018,Xanthophyllum flavescens,0.63,0.63,0.26,0.412698413,0.26,
Q10,9,W,12/5/2018,5/12/2018,Bauhinia semibifida,74.19,3.36,0.81,0.241071429,17.88508929,
Q1,9,D,12/5/2018,5/12/2018,Leuconotis griffithii,9.1,5.93,3.76,0.634064081,5.769983137,
Q1,9,D,12/5/2018,5/12/2018,Gironniera nervosa,9.8,3.53,2.19,0.620396601,6.079886686,
Q1,9,D,12/5/2018,5/12/2018,Canarium pilosum,5.17,2.92,1.34,0.45890411,2.372534247,
Q1,9,D,12/5/2018,5/12/2018,Xanthophyllum flavescens,26.8,4.62,1.74,0.376623377,10.09350649,
Q1,9,D,12/5/2018,5/12/2018,Grewia laevigata,8.71,1.93,0.98,0.507772021,4.422694301,
Q1,9,D,12/5/2018,5/12/2018,Bauhinia semibifida,3.32,2.65,0.89,0.335849057,1.115018868,
Q1,9,D,12/5/2018,5/12/2018,Aporosa frutescens,12.24,1.27,0.57,0.448818898,5.493543307,
Q1,9,D,12/5/2018,5/12/2018,U2,19.63,3.8,1.09,0.286842105,5.630710526,
Q1,9,D,12/5/2018,5/12/2018,Timonius wallichianus,4.18,3.17,1.12,0.353312303,1.476845426,
Q1,9,D,12/5/2018,5/12/2018,U5,4.43,4.43,0.77,0.173814898,0.77,
Q1,9,D,12/5/2018,5/12/2018,U3,2.96,2.83,0.86,0.303886926,0.8995053,
Q1,9,D,12/5/2018,5/12/2018,Prunus polystachya,4.05,4.05,2.99,0.738271605,2.99,
Q1,9,D,12/5/2018,5/12/2018,Bhesa paniculata,38.35,5.22,3.71,0.710727969,27.25641762,
Q408,10,D,12/11/2018,11/12/2018,Leuconotis griffithii,15.28,4.74,2.66,0.561181435,8.574852321,
Q408,10,D,12/11/2018,11/12/2018,Rhodamnia cinerea,10.82,2.63,1.49,0.566539924,6.129961977,
Q408,10,D,12/11/2018,11/12/2018,Fissistigma latifolium var. ovoideum,10.1,7.46,3.46,0.463806971,4.684450402,
Q408,10,D,12/11/2018,11/12/2018,Gironniera nervosa,11.7,4.62,2.17,0.46969697,5.495454545,
Q408,10,D,12/11/2018,11/12/2018,Prunus polystachya,3.24,3.24,2.33,0.719135802,2.33,
Q408,10,D,12/11/2018,11/12/2018,U59,2.65,2.65,1.63,0.61509434,1.63,
Q408,10,D,12/11/2018,11/12/2018,Timonius wallichianus,2.22,2.03,1.01,0.497536946,1.10453202,
Q408,10,D,12/11/2018,11/12/2018,Lithocarpus ewyckii,62.73,2.4,1.08,0.45,28.2285,
Q405,10,D,12/11/2018,11/12/2018,Prunus polystachya,17.39,15.55,8.63,0.554983923,9.651170418,
Q405,10,D,12/11/2018,11/12/2018,Archidendron clypearia,8.85,1.23,0.45,0.365853659,3.237804878,
Q405,10,D,12/11/2018,11/12/2018,U14,3.3,2.22,0.57,0.256756757,0.847297297,
Q405,10,D,12/11/2018,11/12/2018,Elaeocarpus stipularis,11.52,2.78,0.97,0.348920863,4.019568345,
Q405,10,D,12/11/2018,11/12/2018,Bhesa paniculata,46.62,15.24,7.59,0.498031496,23.21822835,
Q405,10,D,12/11/2018,11/12/2018,Bauhinia semibifida,126.45,3.01,1.2,0.398671096,50.41196013,
Q405,10,D,12/11/2018,11/12/2018,Timonius wallichianus,0.94,0.94,0.19,0.20212766,0.19,
Q405,10,D,12/11/2018,11/12/2018,Grewia laevigata,0.88,0.88,0.33,0.375,0.33,
Q405,10,D,12/11/2018,11/12/2018,Litsea firma,1.44,1.44,0.66,0.458333333,0.66,
Q213,10,D,12/11/2018,11/12/2018,Timonius wallichianus,9.28,3.84,1.18,0.307291667,2.851666667,
Q213,10,D,12/11/2018,11/12/2018,Pentace triptera,9.88,5.54,2.81,0.507220217,5.01133574,
Q213,10,D,12/11/2018,11/12/2018,Smilax setosa,24.05,13.17,5.16,0.391799544,9.422779043,
Q213,10,D,12/11/2018,11/12/2018,Dysoxylum cauliflorum,36.51,6.74,1.89,0.28041543,10.23796736,
Q213,10,D,12/11/2018,11/12/2018,Gironniera nervosa,4.47,3.49,1.38,0.395415473,1.767507163,
Q213,10,D,12/11/2018,11/12/2018,Archidendron clypearia,9.42,0.64,0.33,0.515625,4.8571875,
Q213,10,D,12/11/2018,11/12/2018,Calophyllum tetrapterum var. tetrapterum,13.51,1.07,0.62,0.579439252,7.828224299,
Q213,10,D,12/11/2018,11/12/2018,Rhodamnia cinerea,7.19,2.88,1.05,0.364583333,2.621354167,
Q213,10,D,12/11/2018,11/12/2018,U14,9.14,4.6,0.85,0.184782609,1.688913043,
Q213,10,D,12/11/2018,11/12/2018,Aporosa frutescens,8.03,0.85,0.35,0.411764706,3.306470588,
Q213,10,D,12/11/2018,11/12/2018,Litsea firma,0.72,0.72,0.27,0.375,0.27,
Q213,10,D,12/11/2018,11/12/2018,Prunus polystachya,80.47,17.54,10.68,0.608893957,48.99769669,
Q9,10,W,12/14/18,14/12/2018,Campnosperma squamatum,25.36,11.27,5.44,0.482697427,12.24120674,
Q9,10,W,12/14/18,14/12/2018,1,7.95,3.72,1.68,0.451612903,3.590322581,
Q9,10,W,12/14/18,14/12/2018,Artocarpus kemando,2.73,2.18,1.38,0.633027523,1.728165138,
Q9,10,W,12/14/18,14/12/2018,Uncaria cordata var. cordata f. sundaica,2.16,2.16,1.84,0.851851852,1.84,
Q9,10,W,12/14/18,14/12/2018,Madhuca tomentosa,2.52,2.52,1.15,0.456349206,1.15,
Q9,10,W,12/14/18,14/12/2018,Bauhinia semibifida,0.38,0.38,0.16,0.421052632,0.16,
Q9,10,W,12/14/18,14/12/2018,Lophopetalum multinervium,19.64,10.55,7.48,0.709004739,13.92485308,
Q9,10,W,12/14/18,14/12/2018,Dalbergia pseudo-sissoo,35.35,3.02,1.04,0.344370861,12.17350993,
Q9,10,W,12/14/18,14/12/2018,Gluta wallichii,46.9,18.78,7.33,0.390308839,18.30548456,
Q107,11,D,12/14/18,14/12/2018,Willughbeia coriacea,3.29,3.29,1.36,0.41337386,1.36,
Q107,11,D,12/14/18,14/12/2018,U19,1.78,1.78,0.74,0.415730337,0.74,
Q107,11,D,12/14/18,14/12/2018,U20,3.73,3.45,1.62,0.469565217,1.751478261,
Q107,11,D,12/14/18,14/12/2018,Grewia laevigata,10.37,3.69,1.67,0.452574526,4.693197832,
Q107,11,D,12/14/18,14/12/2018,Bauhinia semibifida,6.03,2.11,0.59,0.279620853,1.686113744,
Q107,11,D,12/14/18,14/12/2018,Buchanania sessifolia,4.16,1.87,1.21,0.647058824,2.691764706,
Q107,11,D,12/14/18,14/12/2018,Nothaphoebe umbelliflora,3.03,3.03,1.6,0.528052805,1.6,
Q107,11,D,12/14/18,14/12/2018,Strychnos,9.23,2.31,0.85,0.367965368,3.396320346,
Q107,11,D,12/14/18,14/12/2018,Adenanthera malayana,24.35,1.01,0.29,0.287128713,6.991584158,
Q107,11,D,12/14/18,14/12/2018,1,11.96,3.91,0.88,0.225063939,2.691764706,
Q107,11,D,12/14/18,14/12/2018,Aporosa prainiana,8.43,5.52,1.63,0.295289855,2.489293478,
Q107,11,D,12/14/18,14/12/2018,Gironniera nervosa,13.54,3.1,1.57,0.506451613,6.857354839,
Q107,11,D,12/14/18,14/12/2018,Fissistigma latifolium var. ovoideum,5.92,5.92,2.42,0.408783784,2.42,
Q6,11,W,12/14/18,14/12/2018,Madhuca tomentosa,33.96,9.51,4.25,0.446898002,15.17665615,
Q6,11,W,12/14/18,14/12/2018,Artocarpus kemando,67.08,3.13,1.46,0.466453674,31.28971246,
Q6,11,W,12/14/18,14/12/2018,Diospyros maingayi,11.46,6.09,3.37,0.553366174,6.341576355,
Q6,11,W,12/14/18,14/12/2018,Lophopetalum multinervium,3.7,3.7,2.28,0.616216216,2.28,
Q6,11,W,12/14/18,14/12/2018,Campnosperma squamatum,16.09,11.23,5.22,0.464826358,7.4790561,
Q6,11,W,12/14/18,14/12/2018,Pometia pinnata,9.25,2.8,1.13,0.403571429,3.733035714,
Q6,11,W,12/14/18,14/12/2018,Bauhinia semibifida,1.64,1.64,0.3,0.182926829,0.3,
Q4,11,W,12/18/18,18/12/2018,Lophopetalum multinervium,3.34,3.34,2.16,0.646706587,2.16,
Q4,11,W,12/18/18,18/12/2018,Madhuca tomentosa,4.04,4.04,1.82,0.45049505,1.82,
Q4,11,W,12/18/18,18/12/2018,U27,7.68,2.7,0.83,0.307407407,2.360888889,
Q4,11,W,12/18/18,18/12/2018,Xanthophyllum flavescens,5.46,4.69,1.83,0.390191898,2.130447761,
Q4,11,W,12/18/18,18/12/2018,Myristica cinnamomea,3.97,2.63,1.32,0.501901141,1.992547529,
Q4,11,W,12/18/18,18/12/2018,Dalbergia pseudo-sissoo,0.68,0.68,0.37,0.544117647,0.37,
Q4,11,W,12/18/18,18/12/2018,Bauhinia semibifida,1.59,1.59,0.39,0.245283019,0.39,
Q4,11,W,12/18/18,18/12/2018,U16,12.26,4.82,1.82,0.377593361,4.629294606,
Q3,10,W,12/18/18,18/12/2018,1,14.98,2.03,0.81,0.399014778,5.977241379,
Q3,10,W,12/18/18,18/12/2018,U16,21.6,5.46,2.62,0.47985348,10.36483516,
Q3,10,W,12/18/18,18/12/2018,Maasia glauca,3.28,3.28,1.44,0.43902439,1.44,
Q3,10,W,12/18/18,18/12/2018,Madhuca tomentosa,24.41,8.52,4.14,0.485915493,11.86119718,
Q3,10,W,12/18/18,18/12/2018,Myristica cinnamomea,4.23,2.92,1.3,0.445205479,1.883219178,
Q3,10,W,12/18/18,18/12/2018,Xanthophyllum flavescens,5.4,2.85,1.14,0.4,2.16,
Q1,10,D,12/18/18,18/12/2018,Leuconotis griffithii,9.21,4.51,3.29,0.729490022,6.718603104,
Q1,10,D,12/18/18,18/12/2018,Grewia laevigata,8.79,1.79,1.17,0.653631285,5.745418994,
Q1,10,D,12/18/18,18/12/2018,Timonius wallichianus,2.92,2.32,1.1,0.474137931,1.384482759,
Q1,10,D,12/18/18,18/12/2018,Bhesa paniculata,49.28,7,5.1,0.728571429,35.904,
Q1,10,D,12/18/18,18/12/2018,Canarium pilosum,10.81,3.23,1.88,0.582043344,6.291888545,
Q1,10,D,12/18/18,18/12/2018,Xanthophyllum flavescens,12.84,3.5,1.49,0.425714286,5.466171429,
Q1,10,D,12/18/18,18/12/2018,Gironniera nervosa,6.82,3.21,1.94,0.604361371,4.121744548,
Q1,10,D,12/18/18,18/12/2018,Uncaria cordata,1.2,1.2,0.81,0.675,0.81,
Q1,10,D,12/18/18,18/12/2018,Bauhinia semibifida,1.06,1.06,0.23,0.216981132,0.23,
Q1,10,D,12/18/18,18/12/2018,U5,6.94,6.94,1.07,0.154178674,1.07,
Q1,10,D,12/18/18,18/12/2018,U3,3.34,2.44,1.14,0.467213115,1.560491803,
Q1,10,D,12/18/18,18/12/2018,U2,19.52,2.83,1.32,0.466431095,9.104734982,
Q1,10,D,12/18/18,18/12/2018,Aporosa frutescens,10.34,0.87,0.55,0.632183908,6.536781609,
Q10,10,W,12/18/18,18/12/2018,Grewia laevigata,4.77,3.25,1.2,0.369230769,1.761230769,
Q10,10,W,12/18/18,18/12/2018,Alstonia pneumatophora,10.04,4.63,1.11,0.239740821,2.40699784,
Q10,10,W,12/18/18,18/12/2018,Uncaria cordata,12.56,6.06,2.31,0.381188119,4.787722772,
Q10,10,W,12/18/18,18/12/2018,Myristica cinnamomea,2.72,2.15,0.95,0.441860465,1.201860465,
Q10,10,W,12/18/18,18/12/2018,Aporosa frutescens,1.53,1.28,0.31,0.2421875,0.370546875,
Q10,10,W,12/18/18,18/12/2018,Xanthophyllum flavescens,3.86,3.86,1.07,0.277202073,1.07,
Q10,10,W,12/18/18,18/12/2018,Elaeocarpus mastersii,5.58,2,0.76,0.38,2.1204,
Q10,10,W,12/18/18,18/12/2018,1,11.55,0.64,0.21,0.328125,3.78984375,
Q10,10,W,12/18/18,18/12/2018,2,9.74,6.15,1.56,0.253658537,2.470634146,
Q10,10,W,12/18/18,18/12/2018,Dalbergia pseudo-sissoo,4.96,2.04,0.81,0.397058824,1.969411765,
Q10,10,W,12/18/18,18/12/2018,Campnosperma squamatum,40.57,12.39,4.83,0.389830508,15.81542373,
Q10,10,W,12/18/18,18/12/2018,Bauhinia semibifida,74.93,3.94,0.88,0.223350254,16.73563452,
Q10,10,W,12/18/18,18/12/2018,Fissistigma latifolium var. ovoideum,45.11,13.02,3.95,0.303379416,13.68544547,
Q6,12,W,12/27/18,27/12/2018,Pometia pinnata,15.27,2.45,1.18,0.481632653,7.354530612,
Q6,12,W,12/27/18,27/12/2018,Madhuca tomentosa,33.12,6.78,3.88,0.572271386,18.95362832,
Q6,12,W,12/27/18,27/12/2018,Campnosperma squamatum,17.4,10.62,6.16,0.580037665,10.09265537,
Q6,12,W,12/27/18,27/12/2018,Artocarpus kemando,43.69,2.54,1.21,0.476377953,20.81295276,
Q6,12,W,12/27/18,27/12/2018,Diospyros maingayi,8.56,5.96,3.88,0.651006711,5.57261745,
Q6,12,W,12/27/18,27/12/2018,Dalbergia pseudo-sissoo,1.26,1.26,0.61,0.484126984,0.61,
Q6,12,W,12/27/18,27/12/2018,Lophopetalum multinervium,2.21,2.21,1.49,0.674208145,1.49,
Q9,11,W,12/27/18,27/12/2018,1,2.05,1.55,1.4,0.903225806,1.851612903,
Q9,11,W,12/27/18,27/12/2018,Lophopetalum multinervium,8.9,5.27,5.06,0.960151803,8.545351044,
Q9,11,W,12/27/18,27/12/2018,Artocarpus kemando,2.28,1.6,1.43,0.89375,2.03775,
Q9,11,W,12/27/18,27/12/2018,Madhuca tomentosa,2.71,2.71,2.15,0.793357934,2.15,
Q9,11,W,12/27/18,27/12/2018,Shorea,1.67,1.67,0.74,0.443113772,0.74,
Q9,11,W,12/27/18,27/12/2018,Bauhinia semibifida,1.76,1.02,0.24,0.235294118,0.414117647,
Q9,11,W,12/27/18,27/12/2018,Campnosperma squamatum,11.86,5.45,4.45,0.816513761,9.683853211,
Q9,11,W,12/27/18,27/12/2018,Dalbergia pseudo-sissoo,15.11,1.61,1.01,0.627329193,9.478944099,
Q9,11,W,12/27/18,27/12/2018,Gluta wallichii,14.39,6.12,3.56,0.581699346,8.370653595,
Q9,11,W,12/27/18,27/12/2018,Smilax setosa,14.66,9.59,5.49,0.572471324,8.392429614,
Q107,12,D,12/27/18,27/12/2018,Bauhinia semibifida,11.87,1.91,0.55,0.287958115,3.418062827,
Q107,12,D,12/27/18,27/12/2018,Strychnos,5.94,1.58,0.88,0.556962025,3.30835443,
Q107,12,D,12/27/18,27/12/2018,Willughbeia coriacea,2.8,2.8,1.59,0.567857143,1.59,
Q107,12,D,12/27/18,27/12/2018,Buchanania sessifolia,1.11,0.9,0.8,0.888888889,0.986666667,
Q107,12,D,12/27/18,27/12/2018,Fissistigma latifolium var. ovoideum,11.61,9.72,3.8,0.390946502,4.538888889,
Q107,12,D,12/27/18,27/12/2018,U19,6.55,2.78,1.75,0.629496403,4.123201439,
Q107,12,D,12/27/18,27/12/2018,1,14.31,1.31,0.26,0.198473282,2.840152672,
Q107,12,D,12/27/18,27/12/2018,Adenanthera malayana,15.12,0.85,0.32,0.376470588,5.692235294,
Q107,12,D,12/27/18,27/12/2018,Gironniera nervosa,12.99,5.33,1.88,0.35272045,4.581838649,
Q107,12,D,12/27/18,27/12/2018,Grewia laevigata,5.4,2.52,1.9,0.753968254,4.071428571,
Q107,12,D,12/27/18,27/12/2018,U9,2.83,2.83,1.08,0.381625442,1.08,
Q107,12,D,12/27/18,27/12/2018,Aporosa prainiana,2.68,2.68,1.21,0.451492537,1.21,
Q405,11,D,12/27/18,27/12/2018,Bauhinia semibifida,166.32,3.09,1.08,0.349514563,58.13126214,
Q405,11,D,12/27/18,27/12/2018,Elaeocarpus stipularis,12.04,2.45,1.24,0.506122449,6.093714286,
Q405,11,D,12/27/18,27/12/2018,Archidendron clypearia,5.69,1.3,0.64,0.492307692,2.801230769,
Q405,11,D,12/27/18,27/12/2018,Rhodamnia cinerea,2.15,1.41,0.79,0.560283688,1.204609929,
Q405,11,D,12/27/18,27/12/2018,Timonius wallichianus,0.78,0.78,0.66,0.846153846,0.66,
Q405,11,D,12/27/18,27/12/2018,Uncaria cordata,2.83,2.83,2.52,0.890459364,2.52,
Q405,11,D,12/27/18,27/12/2018,Lindera lucida,10.04,3.95,2.96,0.749367089,7.52364557,
Q405,11,D,12/27/18,27/12/2018,Grewia laevigata,1.3,1.3,0.6,0.461538462,0.6,
Q405,11,D,12/27/18,27/12/2018,1,9.3,3.1,2,0.64516129,6,
Q405,11,D,12/27/18,27/12/2018,2,6.49,1.47,0.43,0.292517007,1.898435374,
Q405,11,D,12/27/18,27/12/2018,Litsea firma,3.96,1.45,0.54,0.372413793,1.474758621,
Q405,11,D,12/27/18,27/12/2018,Prunus polystachya,31.58,12.29,7.86,0.639544345,20.19681041,
Q405,11,D,12/27/18,27/12/2018,Bhesa paniculata,21.14,9.22,6.11,0.662689805,14.00926247,
Q405,11,D,12/27/18,27/12/2018,Xanthophyllum flavescens,1.28,1.28,0.99,0.7734375,0.99,
Q213,11,D,12/27/18,27/12/2018,Calophyllum tetrapterum var. tetrapterum,14.8,1.2,0.69,0.575,8.51,
Q213,11,D,12/27/18,27/12/2018,Rhodamnia cinerea,3.76,1.66,1.05,0.63253012,2.378313253,
Q213,11,D,12/27/18,27/12/2018,Timonius wallichianus,1.44,1.44,0.98,0.680555556,0.98,
Q213,11,D,12/27/18,27/12/2018,Gironniera nervosa,5.44,2.17,1.4,0.64516129,3.509677419,
Q213,11,D,12/27/18,27/12/2018,Archidendron clypearia,15.48,1.45,0.65,0.448275862,6.939310345,
Q213,11,D,12/27/18,27/12/2018,Dysoxylum cauliflorum,19.79,2.53,1.63,0.644268775,12.75007905,
Q213,11,D,12/27/18,27/12/2018,Smilax setosa,13.42,7.27,5.01,0.689133425,9.248170564,
Q213,11,D,12/27/18,27/12/2018,Prunus polystachya,38.8,15.21,9.22,0.606180145,23.51978961,
Q213,11,D,12/27/18,27/12/2018,Pentace triptera,16.2,6.13,2.8,0.456769984,7.399673736,
Q213,11,D,12/27/18,27/12/2018,Aporosa frutescens,5.95,1.11,0.45,0.405405405,2.412162162,
Q408,11,D,12/27/18,27/12/2018,Leuconotis griffithii,21.1,3.98,2.93,0.736180905,15.53341709,
Q408,11,D,12/27/18,27/12/2018,Timonius wallichianus,1.49,1.04,0.9,0.865384615,1.289423077,
Q408,11,D,12/27/18,27/12/2018,Rhodamnia cinerea,11.27,1.94,1.31,0.675257732,7.610154639,
Q408,11,D,12/27/18,27/12/2018,U59,3.85,3.62,2.83,0.781767956,3.00980663,
Q408,11,D,12/27/18,27/12/2018,Fissistigma latifolium var. ovoideum,6.92,6.06,3.69,0.608910891,4.213663366,
Q408,11,D,12/27/18,27/12/2018,Prunus polystachya,6.12,6.12,5.08,0.830065359,5.08,
Q408,11,D,12/27/18,27/12/2018,Campnosperma squamatum,3.16,3.16,2.08,0.658227848,2.08,
Q408,11,D,12/27/18,27/12/2018,Gironniera nervosa,22.74,4.25,2.48,0.583529412,13.26945882,
Q408,11,D,12/27/18,27/12/2018,Lithocarpus ewyckii,54.54,2.21,1.17,0.529411765,28.87411765,
Q10,11,W,1/2/2019,2/1/2019,Grewia laevigata,4.13,1.75,1.21,0.691428571,2.8556,
Q10,11,W,1/2/2019,2/1/2019,Alstonia pneumatophora,8.6,2.49,1.06,0.425702811,3.661044177,
Q10,11,W,1/2/2019,2/1/2019,Fissistigma latifolium var. ovoideum,4.6,4.14,2.7,0.652173913,3,
Q10,11,W,1/2/2019,2/1/2019,Xanthophyllum flavescens,1.25,1.25,0.71,0.568,0.71,
Q10,11,W,1/2/2019,2/1/2019,Madhuca tomentosa,0.32,0.32,0.23,0.71875,0.23,
Q10,11,W,1/2/2019,2/1/2019,Gironniera nervosa,0.45,0.45,0.29,0.644444444,0.29,
Q10,11,W,1/2/2019,2/1/2019,Uncaria cordata,11.56,4.72,3.13,0.663135593,7.665847458,
Q10,11,W,1/2/2019,2/1/2019,Dalbergia pseudo-sissoo,1.34,0.93,0.6,0.64516129,0.864516129,
Q10,11,W,1/2/2019,2/1/2019,1,6.01,0.65,0.3,0.461538462,2.773846154,
Q10,11,W,1/2/2019,2/1/2019,Elaeocarpus mastersii,8.33,1.64,0.83,0.506097561,4.215792683,
Q10,11,W,1/2/2019,2/1/2019,Campnosperma squamatum,75.62,10.84,5.36,0.494464945,37.39143911,
Q10,11,W,1/2/2019,2/1/2019,Bauhinia semibifida,54.03,2.11,1.04,0.492890995,26.63090047,
Q1,11,D,1/2/2019,2/1/2019,U2,9.27,1.42,1.14,0.802816901,7.442112676,
Q1,11,D,1/2/2019,2/1/2019,U5,4.9,1.85,1.66,0.897297297,4.396756757,
Q1,11,D,1/2/2019,2/1/2019,Uncaria cordata,0.84,0.84,0.73,0.869047619,0.73,
Q1,11,D,1/2/2019,2/1/2019,Timonius wallichianus,2.89,0.83,0.75,0.903614458,2.611445783,
Q1,11,D,1/2/2019,2/1/2019,Bauhinia semibifida,2.6,1.43,1.25,0.874125874,2.272727273,
Q1,11,D,1/2/2019,2/1/2019,Grewia laevigata,6.09,1.47,1.24,0.843537415,5.137142857,
Q1,11,D,1/2/2019,2/1/2019,Leuconotis griffithii,6.96,2.8,2.35,0.839285714,5.841428571,
Q1,11,D,1/2/2019,2/1/2019,Xanthophyllum flavescens,3.82,2.15,1.77,0.823255814,3.144837209,
Q1,11,D,1/2/2019,2/1/2019,Canarium pilosum,12.24,1.8,1.6,0.888888889,10.88,
Q1,11,D,1/2/2019,2/1/2019,Bhesa paniculata,40.16,6.87,5.59,0.813682678,32.67749636,
Q1,11,D,1/2/2019,2/1/2019,Gironniera nervosa,5.7,2.2,1.98,0.9,5.13,
Q1,11,D,1/2/2019,2/1/2019,Aporosa frutescens,6.67,0.51,0.44,0.862745098,5.754509804,
Q3,11,W,1/3/2019,3/1/2019,Sterculia cordata,1.35,1.35,1.21,0.896296296,1.21,
Q3,11,W,1/3/2019,3/1/2019,Maasia glauca,4.63,2.91,2.59,0.890034364,4.120859107,
Q3,11,W,1/3/2019,3/1/2019,Myristica cinnamomea,1.56,1.45,1.25,0.862068966,1.344827586,
Q3,11,W,1/3/2019,3/1/2019,Dalbergia pseudo-sissoo,1.55,1.55,1.4,0.903225806,1.4,
Q3,11,W,1/3/2019,3/1/2019,Lophopetalum multinervium,6.47,6.47,5.67,0.876352396,5.67,
Q3,11,W,1/3/2019,3/1/2019,Bauhinia semibifida,0.49,0.49,0.42,0.857142857,0.42,
Q3,11,W,1/3/2019,3/1/2019,1,2.97,1.08,0.88,0.814814815,2.42,
Q3,11,W,1/3/2019,3/1/2019,U16,3.08,2.38,2.08,0.87394958,2.691764706,
Q3,11,W,1/3/2019,3/1/2019,Xanthophyllum flavescens,2.74,2.42,2.13,0.880165289,2.411652893,
Q3,11,W,1/3/2019,3/1/2019,Madhuca tomentosa,13.47,5.27,3.82,0.724857685,9.763833017,
Q4,12,W,1/3/2019,3/1/2019,Lophopetalum multinervium,5.51,5.51,4.85,0.880217786,4.85,
Q4,12,W,1/3/2019,3/1/2019,U27,5.62,1.51,1.36,0.900662252,5.061721854,
Q4,12,W,1/3/2019,3/1/2019,Myristica cinnamomea,1.31,1.31,1.17,0.893129771,1.17,
Q4,12,W,1/3/2019,3/1/2019,Dalbergia pseudo-sissoo,1.54,1.09,0.97,0.889908257,1.370458716,
Q4,12,W,1/3/2019,3/1/2019,Madhuca tomentosa,11.29,6.56,5.79,0.882621951,9.964801829,
Q4,12,W,1/3/2019,3/1/2019,Xanthophyllum flavescens,4.15,2.73,2.42,0.886446886,3.678754579,
Q4,12,W,1/3/2019,3/1/2019,Bauhinia semibifida,1.35,1.14,0.82,0.719298246,0.971052632,
Q4,12,W,1/3/2019,3/1/2019,U16,3.49,1.91,1.65,0.863874346,3.014921466,
Q408,12,D,1/8/2019,8/1/2019,Rhodamnia cinerea,10.28,1.61,1.11,0.689440994,7.087453416,
Q408,12,D,1/8/2019,8/1/2019,Timonius wallichianus,2.73,1.72,1.5,0.872093023,2.380813953,
Q408,12,D,1/8/2019,8/1/2019,U59,7.75,4.24,2.47,0.58254717,4.514740566,
Q408,12,D,1/8/2019,8/1/2019,Fissistigma latifolium var. ovoideum,5.69,3.62,3.15,0.870165746,4.951243094,
Q408,12,D,1/8/2019,8/1/2019,Leuconotis griffithii,33.87,4.67,3.87,0.82869379,28.06785867,
Q408,12,D,1/8/2019,8/1/2019,1,5.64,2.27,1.75,0.77092511,4.348017621,
Q408,12,D,1/8/2019,8/1/2019,Lithocarpus ewyckii,38.72,1.28,1.16,0.90625,35.09,
Q408,12,D,1/8/2019,8/1/2019,Prunus polystachya,12.7,7.46,6.05,0.810991957,10.29959786,
Q408,12,D,1/8/2019,8/1/2019,Gironniera nervosa,11.4,2.81,2.07,0.736654804,8.397864769,
Q213,12,D,1/8/2019,8/1/2019,Rhodamnia cinerea,9.53,1.38,1.09,0.789855072,7.527318841,
Q213,12,D,1/8/2019,8/1/2019,Grewia laevigata,0.2,0.2,0.15,0.75,0.15,
Q213,12,D,1/8/2019,8/1/2019,Archidendron clypearia,9.47,0.53,0.44,0.830188679,7.861886792,
Q213,12,D,1/8/2019,8/1/2019,Timonius wallichianus,2.21,1.03,0.87,0.844660194,1.866699029,
Q213,12,D,1/8/2019,8/1/2019,Calophyllum tetrapterum var. tetrapterum,8.9,0.63,0.53,0.841269841,7.487301587,
Q213,12,D,1/8/2019,8/1/2019,Dysoxylum cauliflorum,19.91,2.89,2.56,0.885813149,17.63653979,
Q213,12,D,1/8/2019,8/1/2019,Pentace triptera,16.27,4.53,3.25,0.717439294,11.67273731,
Q213,12,D,1/8/2019,8/1/2019,Gironniera nervosa,9.1,2.77,2.49,0.898916968,8.180144404,
Q213,12,D,1/8/2019,8/1/2019,Aporosa frutescens,6.65,1.04,0.72,0.692307692,4.603846154,
Q213,12,D,1/8/2019,8/1/2019,Smilax setosa,23.41,7.43,6.38,0.858681023,20.10172275,
Q213,12,D,1/8/2019,8/1/2019,Prunus polystachya,12.72,10.3,8.72,0.846601942,10.7687767,
Q213,12,D,1/8/2019,8/1/2019,Litsea firma,0.29,0.29,0.23,0.793103448,0.23,
Q405,12,D,1/8/2019,8/1/2019,Uncaria cordata,1.2,1.2,1.05,0.875,1.05,
Q405,12,D,1/8/2019,8/1/2019,Xanthophyllum flavescens,2.2,2.2,1.78,0.809090909,1.78,
Q405,12,D,1/8/2019,8/1/2019,Elaeocarpus stipularis,5.02,0.93,0.76,0.817204301,4.102365591,
Q405,12,D,1/8/2019,8/1/2019,Timonius wallichianus,3.62,2.46,2.07,0.841463415,3.046097561,
Q405,12,D,1/8/2019,8/1/2019,Rhodamnia cinerea,1.81,1.26,1,0.793650794,1.436507937,
Q405,12,D,1/8/2019,8/1/2019,Archidendron clypearia,2.38,0.37,0.34,0.918918919,2.187027027,
Q405,12,D,1/8/2019,8/1/2019,Litsea firma,1.12,0.85,0.34,0.4,0.448,
Q405,12,D,1/8/2019,8/1/2019,1,7.08,0.47,0.39,0.829787234,5.874893617,
Q405,12,D,1/8/2019,8/1/2019,2,4.38,1.93,1.65,0.85492228,3.744559585,
Q405,12,D,1/8/2019,8/1/2019,Gironniera nervosa,0.3,0.3,0.23,0.766666667,0.23,
Q405,12,D,1/8/2019,8/1/2019,Grewia laevigata,0.38,0.38,0.32,0.842105263,0.32,
Q405,12,D,1/8/2019,8/1/2019,Bhesa paniculata,17.22,8.62,7,0.812064965,13.9837587,
Q405,12,D,1/8/2019,8/1/2019,Prunus polystachya,24.34,11.36,9.67,0.851232394,20.71899648,
Q405,12,D,1/8/2019,8/1/2019,Lindera lucida,12.12,3.89,3.34,0.858611825,10.40637532,
Q405,12,D,1/8/2019,8/1/2019,Bauhinia semibifida,71.67,1.45,1.17,0.806896552,57.83027586,
Q9,12,W,1/11/2019,11/1/2019,Lophopetalum multinervium,27.98,10.73,9.27,0.863932898,24.1728425,
Q9,12,W,1/11/2019,11/1/2019,Gluta wallichii,21.38,5.88,5.24,0.891156463,19.05292517,
Q9,12,W,1/11/2019,11/1/2019,Artocarpus kemando,4.06,1.9,1.68,0.884210526,3.589894737,
Q9,12,W,1/11/2019,11/1/2019,Pometia pinnata,0.24,0.24,0.22,0.916666667,0.22,
Q9,12,W,1/11/2019,11/1/2019,Elaeocarpus mastersii,0.24,0.24,0.19,0.791666667,0.19,
Q9,12,W,1/11/2019,11/1/2019,Shorea,4.12,2.23,1.85,0.829596413,3.41793722,
Q9,12,W,1/11/2019,11/1/2019,1,6.89,1.81,1.61,0.889502762,6.128674033,
Q9,12,W,1/11/2019,11/1/2019,Bauhinia semibifida,0.61,0.61,0.55,0.901639344,0.55,
Q9,12,W,1/11/2019,11/1/2019,Dalbergia pseudo-sissoo,21.56,1.83,1.58,0.863387978,18.61464481,
Q9,12,W,1/11/2019,11/1/2019,Campnosperma squamatum,28.84,7.45,6.58,0.883221477,25.47210738,
Q9,12,W,1/11/2019,11/1/2019,Smilax setosa,5.76,5.76,5.09,0.883680556,5.09,
Q9,12,W,1/11/2019,11/1/2019,Madhuca tomentosa,1.89,1.89,1.6,0.846560847,1.6,
Q3,12,W,01/16/19,16/1/2019,Xanthophyllum flavescens,5.15,3.57,1.96,0.549019608,2.82745098,
Q3,12,W,01/16/19,16/1/2019,Maasia glauca,13.56,3.71,2.24,0.603773585,8.187169811,
Q3,12,W,01/16/19,16/1/2019,Myristica cinnamomea,5.78,2.14,1.4,0.654205607,3.781308411,
Q3,12,W,01/16/19,16/1/2019,Lophopetalum multinervium,4.28,4.28,3.68,0.859813084,3.68,
Q3,12,W,01/16/19,16/1/2019,U19,4.82,2.87,2.46,0.857142857,4.131428571,
Q3,12,W,01/16/19,16/1/2019,Bauhinia semibifida,0.66,0.66,0.26,0.393939394,0.26,
Q3,12,W,01/16/19,16/1/2019,Pometia pinnata,0.55,0.55,0.25,0.454545455,0.25,
Q3,12,W,01/16/19,16/1/2019,Dalbergia pseudo-sissoo,0.94,0.94,0.84,0.893617021,0.84,
Q3,12,W,01/16/19,16/1/2019,U18,0.26,0.26,0.21,0.807692308,0.21,
Q3,12,W,01/16/19,16/1/2019,1,25.3,5.63,4.74,0.841918295,21.30053286,
Q3,12,W,01/16/19,16/1/2019,2,9.39,1.51,0.93,0.61589404,5.783245033,
Q3,12,W,01/16/19,16/1/2019,Gluta wallichii,1.41,1.41,1.22,0.865248227,1.22,
Q3,12,W,01/16/19,16/1/2019,Madhuca tomentosa,31.99,6.62,4.08,0.616314199,19.71589124,
Q3,12,W,01/16/19,16/1/2019,Bhesa paniculata,4.69,4.69,3.4,0.724946695,3.4,
Q3,12,W,01/16/19,16/1/2019,Sterculia cordata,20.72,10.76,3.95,0.367100372,7.606319703,
Q1,12,D,01/16/19,16/1/2019,Gironniera nervosa,7.09,2.48,2.24,0.903225806,6.403870968,
Q1,12,D,01/16/19,16/1/2019,U5,16.35,3.3,1.44,0.436363636,7.134545455,
Q1,12,D,01/16/19,16/1/2019,Bauhinia semibifida,3.32,1.04,0.87,0.836538462,2.777307692,
Q1,12,D,01/16/19,16/1/2019,U2,8.2,2.21,1.12,0.50678733,4.155656109,
Q1,12,D,01/16/19,16/1/2019,Leuconotis griffithii,8.24,3.85,3.28,0.851948052,7.020051948,
Q1,12,D,01/16/19,16/1/2019,Aporosa frutescens,1.47,0.64,0.54,0.84375,1.2403125,
Q1,12,D,01/16/19,16/1/2019,Bhesa paniculata,16.94,6.54,5.74,0.877675841,14.86782875,
Q1,12,D,01/16/19,16/1/2019,Canarium pilosum,12.28,2.61,2.28,0.873563218,10.72735632,
Q1,12,D,01/16/19,16/1/2019,Timonius wallichianus,2.87,1.92,1.72,0.895833333,2.571041667,
Q1,12,D,01/16/19,16/1/2019,Xanthophyllum flavescens,4.93,2.64,2.08,0.787878788,3.884242424,
Q1,12,D,01/16/19,16/1/2019,1,16.11,1.61,1.38,0.857142857,13.80857143,
Q1,12,D,01/16/19,16/1/2019,Grewia laevigata,9.26,1.44,1.2,0.833333333,7.716666667,
Q1,12,D,01/16/19,16/1/2019,Uncaria cordata,0.71,0.71,0.57,0.802816901,0.57,
Q1,12,D,01/16/19,16/1/2019,Prunus polystachya,8.5,8.5,7.47,0.878823529,7.47,
Q10,12,W,01/16/19,16/1/2019,Bauhinia semibifida,105.05,3.81,1.45,0.380577428,39.97965879,
Q10,12,W,01/16/19,16/1/2019,Bhesa paniculata,1.17,1.17,1.04,0.888888889,1.04,
Q10,12,W,01/16/19,16/1/2019,Xanthophyllum flavescens,1.55,1.55,1.34,0.864516129,1.34,
Q10,12,W,01/16/19,16/1/2019,Gironniera nervosa,0.17,0.17,0.15,0.882352941,0.15,
Q10,12,W,01/16/19,16/1/2019,1,10.45,1.9,0.84,0.442105263,4.62,
Q10,12,W,01/16/19,16/1/2019,Grewia laevigata,5.75,2.27,1.45,0.63876652,3.672907489,
Q10,12,W,01/16/19,16/1/2019,Alstonia pneumatophora,60.6,3.61,1.45,0.40166205,24.34072022,
Q10,12,W,01/16/19,16/1/2019,Dalbergia pseudo-sissoo,11.12,1.56,1.02,0.653846154,7.270769231,
Q10,12,W,01/16/19,16/1/2019,Elaeocarpus mastersii,4.3,1.16,0.84,0.724137931,3.113793103,
Q10,12,W,01/16/19,16/1/2019,Fissistigma latifolium var. ovoideum,7.47,5.59,3.42,0.611806798,4.57019678,
Q10,12,W,01/16/19,16/1/2019,Uncaria cordata,12.54,5.68,3.77,0.663732394,8.323204225,
Q10,12,W,01/16/19,16/1/2019,Myristica cinnamomea,23.21,2.44,1.33,0.545081967,12.65135246,
Q10,12,W,01/16/19,16/1/2019,Campnosperma squamatum,90.94,8.12,5.28,0.650246305,59.13339901,
Q10,12,W,01/16/19,16/1/2019,2,30.89,0.72,0.28,0.388888889,12.01277778,
Q10,12,W,01/16/19,16/1/2019,3,23.74,6.35,2.26,0.355905512,8.44919685,
Q6,13,W,1/10/2019,10/1/2019,Artocarpus kemando,81.63,1.42,1.28,0.901408451,73.58197183,
Q6,13,W,1/10/2019,10/1/2019,Pometia pinnata,21.75,0.91,0.82,0.901098901,19.5989011,
Q6,13,W,1/10/2019,10/1/2019,Campnosperma squamatum,23.9,5.64,5.01,0.888297872,21.23031915,
Q6,13,W,1/10/2019,10/1/2019,Madhuca tomentosa,63.51,4.16,3.74,0.899038462,57.09793269,
Q6,13,W,1/10/2019,10/1/2019,Diospyros maingayi,20.35,4.69,4.13,0.880597015,17.92014925,
Q6,13,W,1/10/2019,10/1/2019,Bauhinia semibifida,0.62,0.62,0.56,0.903225806,0.56,
Q6,13,W,1/10/2019,10/1/2019,Dalbergia pseudo-sissoo,0.97,0.97,0.89,0.917525773,0.89,
Q6,13,W,1/10/2019,10/1/2019,Willughbeia coriacea,0.5,0.5,0.44,0.88,0.44,
Q6,13,W,1/10/2019,10/1/2019,Shorea,0.19,0.19,0.16,0.842105263,0.16,
Q6,13,W,1/10/2019,10/1/2019,Gluta wallichii,2.28,2.28,2.04,0.894736842,2.04,
Q6,13,W,1/10/2019,10/1/2019,Lophopetalum multinervium,2.07,2.07,1.85,0.893719807,1.85,
Q6,13,W,1/10/2019,10/1/2019,Sterculia cordata,0.4,0.4,0.34,0.85,0.34,
Q107,13,D,1/10/2019,10/1/2019,Buchanania sessifolia,5.94,1.34,80.03,59.7238806,354.7598507,
Q107,13,D,1/10/2019,10/1/2019,Grewia laevigata,8.64,1.38,1.25,0.905797101,7.826086957,
Q107,13,D,1/10/2019,10/1/2019,U3,7.34,1.83,1.67,0.912568306,6.698251366,
Q107,13,D,1/10/2019,10/1/2019,Bauhinia semibifida,1.56,0.45,0.4,0.888888889,1.386666667,
Q107,13,D,1/10/2019,10/1/2019,Aporosa prainiana,4.81,1.59,1.43,0.899371069,4.325974843,
Q107,13,D,1/10/2019,10/1/2019,U9,2.44,1.61,1.43,0.888198758,2.167204969,
Q107,13,D,1/10/2019,10/1/2019,Strychnos,5.64,0.7,0.67,0.957142857,5.398285714,
Q107,13,D,1/10/2019,10/1/2019,Fissistigma latifolium var. ovoideum,10.12,2.97,2.71,0.912457912,9.234074074,
Q107,13,D,1/10/2019,10/1/2019,Nothaphoebe umbelliflora,8.26,1.71,1.54,0.900584795,7.438830409,
Q107,13,D,1/10/2019,10/1/2019,Willughbeia coriacea,5.48,2.24,2.01,0.897321429,4.917321429,
Q107,13,D,1/10/2019,10/1/2019,Gironniera nervosa,11.83,2.1,1.92,0.914285714,10.816,
Q107,13,D,1/10/2019,10/1/2019,Adenanthera malayana,22.1,0.33,0.28,0.848484848,18.75151515,
Q107,13,D,1/10/2019,10/1/2019,U38,11.2,0.21,0.19,0.904761905,10.13333333,
Q4,13,W,01/15/19,15/1/2019,Bauhinia semibifida,1.46,0.58,0.52,0.896551724,1.308965517,
Q4,13,W,01/15/19,15/1/2019,U17,0.63,0.63,0.59,0.936507937,0.59,
Q4,13,W,01/15/19,15/1/2019,U19,0.62,0.62,0.53,0.85483871,0.53,
Q4,13,W,01/15/19,15/1/2019,Lophopetalum multinervium,3.04,3.04,2.71,0.891447368,2.71,
Q4,13,W,01/15/19,15/1/2019,U16,1.02,1.02,0.83,0.81372549,0.83,
Q4,13,W,01/15/19,15/1/2019,U30,0.54,0.54,0.5,0.925925926,0.5,
Q4,13,W,01/15/19,15/1/2019,Myristica cinnamomea,4.35,1.01,0.9,0.891089109,3.876237624,
Q4,13,W,01/15/19,15/1/2019,Gluta wallichii,0.49,0.49,0.46,0.93877551,0.46,
Q4,13,W,01/15/19,15/1/2019,Xanthophyllum flavescens,1.98,1.86,1.68,0.903225806,1.788387097,
Q4,13,W,01/15/19,15/1/2019,Sterculia cordata,0.42,0.42,0.41,0.976190476,0.41,
Q4,13,W,01/15/19,15/1/2019,Dalbergia pseudo-sissoo,3.18,1.11,1.02,0.918918919,2.922162162,
Q4,13,W,01/15/19,15/1/2019,U27,16.44,2.07,1.88,0.90821256,14.93101449,
Q4,13,W,01/15/19,15/1/2019,Madhuca tomentosa,26.89,4.37,3.86,0.883295195,23.75180778,
Q4,13,W,01/15/19,15/1/2019,Aporosa falcifera,11.52,2.14,1.92,0.897196262,10.33570093,
Q213,13,D,01/22/19,22/1/2019,Timonius wallichianus,2.56,0.97,0.91,0.93814433,2.401649485,
Q213,13,D,01/22/19,22/1/2019,Rhodamnia cinerea,7.25,1.2,1.05,0.875,6.34375,
Q213,13,D,01/22/19,22/1/2019,Iodes velutina,3.74,0.5,0.5,1,3.74,
Q213,13,D,01/22/19,22/1/2019,Prunus polystachya,52.82,8.8,7.79,0.885227273,46.75770455,
Q213,13,D,01/22/19,22/1/2019,Calophyllum tetrapterum var. tetrapterum,9.25,0.65,0.6,0.923076923,8.538461538,
Q213,13,D,01/22/19,22/1/2019,Gironniera nervosa,5.56,1.66,1.48,0.891566265,4.957108434,
Q213,13,D,01/22/19,22/1/2019,Dysoxylum cauliflorum,22.55,1.97,1.79,0.908629442,20.48959391,
Q213,13,D,01/22/19,22/1/2019,Aporosa frutescens,1.82,0.28,0.26,0.928571429,1.69,
Q213,13,D,01/22/19,22/1/2019,Smilax setosa,15.85,7.86,6.02,0.765903308,12.13956743,
Q213,13,D,01/22/19,22/1/2019,U13,22.64,2.79,2.47,0.885304659,20.04329749,
Q213,13,D,01/22/19,22/1/2019,Derris amoena,6.65,0.85,0.73,0.858823529,5.711176471,
Q213,13,D,01/22/19,22/1/2019,U34,8.95,0.87,0.76,0.873563218,7.818390805,
Q213,13,D,01/22/19,22/1/2019,Archidendron clypearia,2.18,0.56,0.52,0.928571429,2.024285714,
Q405,13,D,01/22/19,22/1/2019,Bauhinia semibifida,41.16,0.78,0.67,0.858974359,35.35538462,
Q405,13,D,01/22/19,22/1/2019,Xanthophyllum flavescens,0.88,0.88,0.79,0.897727273,0.79,
Q405,13,D,01/22/19,22/1/2019,Timonius wallichianus,2.2,1.6,1.43,0.89375,1.96625,
Q405,13,D,01/22/19,22/1/2019,Uncaria cordata,6.3,4.59,4.08,0.888888889,5.6,
Q405,13,D,01/22/19,22/1/2019,Grewia laevigata,0.81,0.81,0.72,0.888888889,0.72,
Q405,13,D,01/22/19,22/1/2019,Gironniera nervosa,0.73,0.73,0.67,0.917808219,0.67,
Q405,13,D,01/22/19,22/1/2019,Litsea firma,3.18,0.81,0.71,0.87654321,2.787407407,
Q405,13,D,01/22/19,22/1/2019,Elaeocarpus stipularis,5.01,0.9,0.79,0.877777778,4.397666667,
Q405,13,D,01/22/19,22/1/2019,Archidendron clypearia,2.43,0.32,0.29,0.90625,2.2021875,
Q405,13,D,01/22/19,22/1/2019,Prunus polystachya,15.32,7.85,7.01,0.892993631,13.68066242,
Q405,13,D,01/22/19,22/1/2019,Bhesa paniculata,6.04,5.22,4.65,0.890804598,5.38045977,
Q405,13,D,01/22/19,22/1/2019,Pternandra echinata,0.41,0.36,0.31,0.861111111,0.353055556,
Q405,13,D,01/22/19,22/1/2019,Lindera lucida,40.26,3.7,2.71,0.732432432,29.48772973,
Q405,13,D,01/22/19,22/1/2019,Rhodamnia cinerea,1.03,0.96,0.84,0.875,0.90125,
Q405,13,D,01/22/19,22/1/2019,U3/U14,0.36,0.36,0.32,0.888888889,0.32,
Q408,13,D,01/22/19,22/1/2019,Lithocarpus ewyckii,29.94,0.98,0.87,0.887755102,26.57938776,
Q408,13,D,01/22/19,22/1/2019,Prunus polystachya,14.01,11.26,10.08,0.895204263,12.54181172,
Q408,13,D,01/22/19,22/1/2019,Gironniera nervosa,30.16,1.89,1.7,0.899470899,27.12804233,
Q408,13,D,01/22/19,22/1/2019,U59,8.37,3,2.61,0.87,7.2819,
Q408,13,D,01/22/19,22/1/2019,U33,3,1.4,1.24,0.885714286,2.657142857,
Q408,13,D,01/22/19,22/1/2019,Leuconotis griffithii,17.99,2.93,2.58,0.880546075,15.84102389,
Q408,13,D,01/22/19,22/1/2019,U13,1.17,1.01,0.91,0.900990099,1.054158416,
Q408,13,D,01/22/19,22/1/2019,Rhodamnia cinerea,10.47,1.23,1.07,0.869918699,9.10804878,
Q408,13,D,01/22/19,22/1/2019,Timonius wallichianus,4.1,2,1.77,0.885,3.6285,
Q408,13,D,01/22/19,22/1/2019,Fissistigma latifolium var. ovoideum,3.83,2.58,2.21,0.856589147,3.280736434,
Q408,13,D,01/22/19,22/1/2019,Derris amoena,9.52,0.98,0.89,0.908163265,8.645714286,
Q9,13,W,01/24/19,24/1/2019,Campnosperma squamatum,33.25,6.17,5.51,0.893030794,29.69327391,
Q9,13,W,01/24/19,24/1/2019,Lophopetalum multinervium,36.82,7.14,6.33,0.886554622,32.64294118,
Q9,13,W,01/24/19,24/1/2019,Dalbergia pseudo-sissoo,15.92,0.98,0.86,0.87755102,13.97061224,
Q9,13,W,01/24/19,24/1/2019,Bauhinia semibifida,0.03,0.03,0.02,0.666666667,0.02,
Q9,13,W,01/24/19,24/1/2019,U19,0.75,0.75,0.67,0.893333333,0.67,
Q9,13,W,01/24/19,24/1/2019,Artocarpus kemando,2.88,1.73,1.54,0.89017341,2.563699422,
Q9,13,W,01/24/19,24/1/2019,U30,6.54,1.58,1.41,0.892405063,5.836329114,
Q9,13,W,01/24/19,24/1/2019,Shorea,5.22,3.01,2.7,0.897009967,4.682392027,
Q9,13,W,01/24/19,24/1/2019,Gluta wallichii,19.5,4.15,3.72,0.896385542,17.47951807,
Q6,14,W,01/24/19,24/1/2019,Uncaria cordata,6.61,6.61,5.87,0.888048411,5.87,
Q6,14,W,01/24/19,24/1/2019,Lophopetalum multinervium,5.41,5.41,4.81,0.88909427,4.81,
Q6,14,W,01/24/19,24/1/2019,Dalbergia pseudo-sissoo,0.68,0.68,0.62,0.911764706,0.62,
Q6,14,W,01/24/19,24/1/2019,Shorea,0.32,0.32,0.2,0.625,0.2,
Q6,14,W,01/24/19,24/1/2019,Willughbeia coriacea,0.28,0.28,0.24,0.857142857,0.24,
Q6,14,W,01/24/19,24/1/2019,Buchanania sessifolia,0.52,0.52,0.47,0.903846154,0.47,
Q6,14,W,01/24/19,24/1/2019,Artocarpus kemando,34.94,1.5,1.22,0.813333333,28.41786667,
Q6,14,W,01/24/19,24/1/2019,Vatica pauciflora ,7.6,4.67,4.03,0.862955032,6.558458244,
Q6,14,W,01/24/19,24/1/2019,Pometia pinnata,8.9,1.11,0.99,0.891891892,7.937837838,
Q6,14,W,01/24/19,24/1/2019,Diospyros maingayi,35.34,3.69,3.11,0.842818428,29.78520325,
Q6,14,W,01/24/19,24/1/2019,Madhuca tomentosa,28.18,5.42,4.56,0.841328413,23.70863469,
Q6,14,W,01/24/19,24/1/2019,Campnosperma squamatum,16.31,4.36,3.86,0.885321101,14.43958716,
Q107,14,D,01/24/19,24/1/2019,Adenanthera malayana,53.93,0.31,0.26,0.838709677,45.2316129,
Q107,14,D,01/24/19,24/1/2019,Xanthophyllum flavescens,0.24,0.24,0.22,0.916666667,0.22,
Q107,14,D,01/24/19,24/1/2019,Fissistigma latifolium var. ovoideum,5.66,2.94,2.64,0.897959184,5.08244898,
Q107,14,D,01/24/19,24/1/2019,Aporosa prainiana,8.13,0.99,0.85,0.858585859,6.98030303,
Q107,14,D,01/24/19,24/1/2019,Buchanania sessifolia,6.35,1.18,1.04,0.881355932,5.596610169,
Q107,14,D,01/24/19,24/1/2019,Bauhinia semibifida,0.39,0.38,0.31,0.815789474,0.318157895,
Q107,14,D,01/24/19,24/1/2019,U38,9.96,0.25,0.23,0.92,9.1632,
Q107,14,D,01/24/19,24/1/2019,Grewia laevigata,3.03,1.79,1.57,0.877094972,2.657597765,
Q107,14,D,01/24/19,24/1/2019,U19,11.79,2.18,1.92,0.880733945,10.38385321,
Q107,14,D,01/24/19,24/1/2019,Strychnos,5.88,0.98,0.87,0.887755102,5.22,
Q107,14,D,01/24/19,24/1/2019,Gironniera nervosa,12.21,2.68,2.41,0.899253731,10.97988806,
Q107,14,D,01/24/19,24/1/2019,Willughbeia coriacea,2.2,2.2,2,0.909090909,2,
Q107,14,D,01/24/19,24/1/2019,U29,6.68,2.29,2.09,0.912663755,6.096593886,
Q4,14,W,01/29/19,29/1/2019,Xanthophyllum flavescens,2.91,2.39,2.07,0.866108787,2.520376569,
Q4,14,W,01/29/19,29/1/2019,Lophopetalum multinervium,1.67,1.67,1.45,0.868263473,1.45,
Q4,14,W,01/29/19,29/1/2019,Gluta wallichii,0.91,0.91,0.8,0.879120879,0.8,
Q4,14,W,01/29/19,29/1/2019,Pometia pinnata,0.4,0.34,0.31,0.911764706,0.364705882,
Q4,14,W,01/29/19,29/1/2019,Bauhinia semibifida,2.24,0.89,0.76,0.853932584,1.912808989,
Q4,14,W,01/29/19,29/1/2019,U27,16.17,1.54,1.28,0.831168831,13.44,
Q4,14,W,01/29/19,29/1/2019,Vatica pauciflora ,4.43,4.17,3.77,0.904076739,4.005059952,
Q4,14,W,01/29/19,29/1/2019,U16,2.65,2.11,1.82,0.862559242,2.285781991,
Q4,14,W,01/29/19,29/1/2019,Dalbergia pseudo-sissoo,4.22,1.12,0.95,0.848214286,3.579464286,
Q4,14,W,01/29/19,29/1/2019,U19,1.09,1.09,0.97,0.889908257,0.97,
Q4,14,W,01/29/19,29/1/2019,Myristica cinnamomea,5.71,1.33,1.2,0.902255639,5.151879699,
Q4,14,W,01/29/19,29/1/2019,U36,5.73,1.91,1.67,0.87434555,5.01,
Q4,14,W,01/29/19,29/1/2019,Madhuca tomentosa,4.22,3.96,3.5,0.883838384,3.72979798,
Q4,14,W,01/29/19,29/1/2019,Aporosa falcifera,3,2.21,1.93,0.873303167,2.619909502,
Q3,13,W,01/29/19,29/1/2019,Maasia glauca,9.05,2.95,1.78,0.603389831,5.460677966,
Q3,13,W,01/29/19,29/1/2019,Vatica pauciflora ,0.6,0.6,0.48,0.8,0.48,
Q3,13,W,01/29/19,29/1/2019,Sterculia cordata,2.56,2.56,2.02,0.7890625,2.02,
Q3,13,W,01/29/19,29/1/2019,Myristica cinnamomea,3.4,1.17,1.17,1,3.4,
Q3,13,W,01/29/19,29/1/2019,Xanthophyllum flavescens,2.66,2.03,1.67,0.822660099,2.188275862,
Q3,13,W,01/29/19,29/1/2019,Dalbergia pseudo-sissoo,0.45,0.45,0.28,0.622222222,0.28,
Q3,13,W,01/29/19,29/1/2019,Pometia pinnata,0.41,0.41,0.23,0.56097561,0.23,
Q3,13,W,01/29/19,29/1/2019,Lophopetalum multinervium,3.39,3.39,2.85,0.840707965,2.85,
Q3,13,W,01/29/19,29/1/2019,Gluta wallichii,2.66,2.66,2.36,0.887218045,2.36,
Q3,13,W,01/29/19,29/1/2019,Madhuca tomentosa,14.88,4.6,3.26,0.708695652,10.5453913,
Q3,13,W,01/29/19,29/1/2019,U19,7.98,2.78,2.2,0.791366906,6.315107914,
Q3,13,W,01/29/19,29/1/2019,U43,4.15,1.42,1.06,0.746478873,3.097887324,
Q3,13,W,01/29/19,29/1/2019,U16,9.24,2.79,2.01,0.720430108,6.656774194,
Q3,13,W,01/29/19,29/1/2019,U35,14.1,3.11,2.24,0.720257235,10.15562701,
Q10,13,W,01/29/19,29/1/2019,Bauhinia semibifida,51.64,2.63,1.07,0.406844106,21.00942966,
Q10,13,W,01/29/19,29/1/2019,Campnosperma squamatum,72.63,6.55,4.41,0.673282443,48.90050382,
Q10,13,W,01/29/19,29/1/2019,Dalbergia pseudo-sissoo,16.47,1.29,0.84,0.651162791,10.72465116,
Q10,13,W,01/29/19,29/1/2019,Aporosa frutescens,0.2,0.2,0.15,0.75,0.15,
Q10,13,W,01/29/19,29/1/2019,Grewia laevigata,3.34,2.34,1.3,0.555555556,1.855555556,
Q10,13,W,01/29/19,29/1/2019,Elaeocarpus mastersii,3.35,1.17,0.7,0.598290598,2.004273504,
Q10,13,W,01/29/19,29/1/2019,Fissistigma latifolium var. ovoideum,4.61,4.61,4.12,0.893709328,4.12,
Q10,13,W,01/29/19,29/1/2019,Uncaria cordata,13.02,4.53,2.64,0.582781457,7.58781457,4 leaves for drymass
Q10,13,W,01/29/19,29/1/2019,Alstonia pneumatophora,28,2.45,1.1,0.448979592,12.57142857,
Q10,13,W,01/29/19,29/1/2019,Derris amoena,18.84,1.05,0.59,0.561904762,10.58628571,
Q10,13,W,01/29/19,29/1/2019,Gynotroches axillaris,2.57,2.02,1.3,0.643564356,1.653960396,
Q1,13,D,01/29/19,29/1/2019,Iodes velutina,6.19,1.25,1.01,0.808,5.00152,
Q1,13,D,01/29/19,29/1/2019,Bauhinia semibifida,1.66,1.4,1.1,0.785714286,1.304285714,
Q1,13,D,01/29/19,29/1/2019,Pternandra echinata,4.38,0.83,0.51,0.614457831,2.691325301,
Q1,13,D,01/29/19,29/1/2019,Timonius wallichianus,3.57,1.66,1.37,0.825301205,2.946325301,
Q1,13,D,01/29/19,29/1/2019,Leuconotis griffithii,3.14,3.14,2.7,0.859872611,2.7,
Q1,13,D,01/29/19,29/1/2019,Archidendron clypearia,0.2,0.2,0.18,0.9,0.18,
Q1,13,D,01/29/19,29/1/2019,Canarium pilosum,8.5,3.5,2.87,0.82,6.97,
Q1,13,D,01/29/19,29/1/2019,U31,9.23,1.82,1.52,0.835164835,7.708571429,
Q1,13,D,01/29/19,29/1/2019,Grewia laevigata,11.63,1.29,1.03,0.798449612,9.285968992,
Q1,13,D,01/29/19,29/1/2019,Aporosa frutescens,0.81,0.36,0.3,0.833333333,0.675,
Q1,13,D,01/29/19,29/1/2019,U2,7.78,1.15,0.93,0.808695652,6.291652174,
Q1,13,D,01/29/19,29/1/2019,Xanthophyllum flavescens,2.28,1.49,1.26,0.845637584,1.928053691,
Q1,13,D,01/29/19,29/1/2019,Bhesa paniculata,17.31,6.57,5.83,0.887366819,15.36031963,
Q1,13,D,01/29/19,29/1/2019,Gironniera nervosa,9.99,2.27,1.94,0.854625551,8.537709251,
Q1,13,D,01/29/19,29/1/2019,Prunus polystachya,7.07,5.91,4.28,0.724196277,5.120067682,
Q408,14,D,2/7/2019,7/2/2019,Lithocarpus ewyckii,25.4,0.95,0.86,0.905263158,22.99368421,
Q408,14,D,2/7/2019,7/2/2019,Fissistigma latifolium var. ovoideum,4.08,3.39,3.08,0.908554572,3.706902655,
Q408,14,D,2/7/2019,7/2/2019,U33,2.04,1.38,1.23,0.891304348,1.81826087,
Q408,14,D,2/7/2019,7/2/2019,Rhodamnia cinerea,10.99,1.45,1.23,0.848275862,9.322551724,
Q408,14,D,2/7/2019,7/2/2019,Gironniera nervosa,22.8,1.72,1.54,0.895348837,20.41395349,
Q408,14,D,2/7/2019,7/2/2019,Prunus polystachya,7.15,4.6,4.11,0.893478261,6.388369565,
Q408,14,D,2/7/2019,7/2/2019,Timonius wallichianus,4.63,1.71,1.55,0.906432749,4.196783626,
Q408,14,D,2/7/2019,7/2/2019,Derris amoena,9.17,1.45,1.31,0.903448276,8.28462069,
Q408,14,D,2/7/2019,7/2/2019,Leuconotis griffithii,11.12,3.78,3.35,0.886243386,9.855026455,
Q213,14,D,2/7/2019,7/2/2019,Timonius wallichianus,1.67,1.23,1.12,0.910569106,1.520650407,
Q213,14,D,2/7/2019,7/2/2019,Litsea firma,0.17,0.17,0.16,0.941176471,0.16,
Q213,14,D,2/7/2019,7/2/2019,Grewia laevigata,0.01,0.01,0.01,1,0.01,
Q213,14,D,2/7/2019,7/2/2019,Calophyllum tetrapterum var. tetrapterum,13.8,0.46,0.41,0.891304348,12.3,
Q213,14,D,2/7/2019,7/2/2019,Gironniera nervosa,6.16,1.52,1.37,0.901315789,5.552105263,
Q213,14,D,2/7/2019,7/2/2019,Rhodamnia cinerea,12.73,0.95,0.83,0.873684211,11.122,
Q213,14,D,2/7/2019,7/2/2019,Aporosa frutescens,2.03,0.58,0.53,0.913793103,1.855,
Q213,14,D,2/7/2019,7/2/2019,Iodes ovalis,4.8,0.31,0.27,0.870967742,4.180645161,
Q213,14,D,2/7/2019,7/2/2019,U34,10.67,0.95,0.84,0.884210526,9.434526316,
Q213,14,D,2/7/2019,7/2/2019,Pentace triptera,8.02,3.6,3.21,0.891666667,7.151166667,
Q213,14,D,2/7/2019,7/2/2019,Dysoxylum cauliflorum,15.35,1.95,1.77,0.907692308,13.93307692,
Q213,14,D,2/7/2019,7/2/2019,Smilax setosa,12.24,6.84,5.93,0.866959064,10.61157895,
Q213,14,D,2/7/2019,7/2/2019,Prunus polystachya,31.14,14.59,13.13,0.89993146,28.02386566,
Q213,14,D,2/7/2019,7/2/2019,Archidendron clypearia,18.6,0.4,0.37,0.925,17.205,
Q405,14,D,2/7/2019,7/2/2019,Bauhinia semibifida,49.35,0.98,0.86,0.87755102,43.30714286,
Q405,14,D,2/7/2019,7/2/2019,Prunus polystachya,9.62,6.58,5.9,0.896656535,8.625835866,
Q405,14,D,2/7/2019,7/2/2019,Litsea firma,1.15,0.73,0.64,0.876712329,1.008219178,
Q405,14,D,2/7/2019,7/2/2019,Grewia laevigata,2.42,0.36,0.33,0.916666667,2.218333333,
Q405,14,D,2/7/2019,7/2/2019,U41,5,0.54,0.44,0.814814815,4.074074074,
Q405,14,D,2/7/2019,7/2/2019,Timonius wallichianus,3.38,1.23,1.11,0.902439024,3.050243902,
Q405,14,D,2/7/2019,7/2/2019,Gironniera nervosa,4.23,1.41,1.24,0.879432624,3.72,
Q405,14,D,2/7/2019,7/2/2019,Elaeocarpus stipularis,10.87,0.99,0.89,0.898989899,9.772020202,
Q405,14,D,2/7/2019,7/2/2019,Pternandra echinata,0.75,0.37,0.32,0.864864865,0.648648649,
Q405,14,D,2/7/2019,7/2/2019,Bhesa paniculata,1.98,1.98,1.74,0.878787879,1.74,
Q405,14,D,2/7/2019,7/2/2019,Archidendron clypearia,3.17,0.48,0.44,0.916666667,2.905833333,
Q405,14,D,2/7/2019,7/2/2019,Uncaria cordata,1.63,1.63,1.47,0.901840491,1.47,
Q405,14,D,2/7/2019,7/2/2019,Rhodamnia cinerea,1.5,0.71,0.62,0.873239437,1.309859155,
Q405,14,D,2/7/2019,7/2/2019,Lindera lucida,9.9,2.29,2.02,0.88209607,8.732751092,
Q9,14,W,2/7/2019,7/2/2019,Uncaria cordata,1.54,1.54,1.4,0.909090909,1.4,
Q9,14,W,2/7/2019,7/2/2019,Lophopetalum multinervium,36.64,5.75,5.15,0.895652174,32.81669565,
Q9,14,W,2/7/2019,7/2/2019,Artocarpus kemando,1.77,1.05,0.95,0.904761905,1.601428571,
Q9,14,W,2/7/2019,7/2/2019,Gynotroches axillaris,1.38,1.38,1.23,0.891304348,1.23,
Q9,14,W,2/7/2019,7/2/2019,Campnosperma squamatum,21.61,5.45,4.8,0.880733945,19.03266055,
Q9,14,W,2/7/2019,7/2/2019,Gluta wallichii,10.11,3.72,3.35,0.900537634,9.104435484,
Q9,14,W,2/7/2019,7/2/2019,Pometia pinnata,0.23,0.23,0.22,0.956521739,0.22,
Q9,14,W,2/7/2019,7/2/2019,Shorea,4.31,2.39,2.12,0.887029289,3.823096234,
Q9,14,W,2/7/2019,7/2/2019,U30,6.34,2.05,1.81,0.882926829,5.597756098,
Q9,14,W,2/7/2019,7/2/2019,Dalbergia pseudo-sissoo,15.81,1.05,0.95,0.904761905,14.30428571,
Q9,14,W,2/7/2019,7/2/2019,U16,4.14,2.19,1.85,0.844748858,3.497260274,
Q9,14,W,2/7/2019,7/2/2019,U19,0.44,0.44,0.39,0.886363636,0.39,
Q9,14,W,2/7/2019,7/2/2019,Madhuca tomentosa,1.43,1.43,1.25,0.874125874,1.25,
Q107,15,D,2/7/2019,7/2/2019,Willughbeia coriacea,1.47,1.47,1.28,0.870748299,1.28,
Q107,15,D,2/7/2019,7/2/2019,Bauhinia semibifida,0.64,0.29,0.23,0.793103448,0.507586207,
Q107,15,D,2/7/2019,7/2/2019,Nothaphoebe umbelliflora,4.92,2.18,1.58,0.724770642,3.56587156,
Q107,15,D,2/7/2019,7/2/2019,U38,10.98,0.41,0.35,0.853658537,9.373170732,
Q107,15,D,2/7/2019,7/2/2019,Gironniera nervosa,10.81,1.45,1.31,0.903448276,9.766275862,
Q107,15,D,2/7/2019,7/2/2019,Grewia laevigata,4.98,1.36,1.17,0.860294118,4.284264706,
Q107,15,D,2/7/2019,7/2/2019,Strychnos,10.71,0.84,0.62,0.738095238,7.905,
Q107,15,D,2/7/2019,7/2/2019,Fissistigma latifolium var. ovoideum,6.23,3.23,2.89,0.894736842,5.574210526,
Q107,15,D,2/7/2019,7/2/2019,Adenanthera malayana,55.03,0.5,0.37,0.74,40.7222,
Q107,15,D,2/7/2019,7/2/2019,Prunus polystachya,0.93,0.93,0.83,0.892473118,0.83,
Q107,15,D,2/7/2019,7/2/2019,Buchanania sessifolia,9.76,0.99,0.93,0.939393939,9.168484848,
Q107,15,D,2/7/2019,7/2/2019,Aporosa prainiana,10.45,1.83,1.59,0.868852459,9.079508197,
Q107,15,D,2/7/2019,7/2/2019,Iodes ovalis,0.34,0.34,0.3,0.882352941,0.3,
Q107,15,D,2/7/2019,7/2/2019,U29,9.36,1.79,1.55,0.865921788,8.105027933,
Q107,15,D,2/7/2019,7/2/2019,U19,22.68,1.85,1.59,0.859459459,19.49254054,
Q6,15,W,2/7/2019,7/2/2019,Dalbergia pseudo-sissoo,0.29,0.29,0.26,0.896551724,0.26,
Q6,15,W,2/7/2019,7/2/2019,Pometia pinnata,4.49,1.03,0.85,0.825242718,3.705339806,
Q6,15,W,2/7/2019,7/2/2019,Sterculia cordata,1.53,1.53,1.37,0.895424837,1.37,
Q6,15,W,2/7/2019,7/2/2019,Artocarpus kemando,20.48,1.38,1.23,0.891304348,18.25391304,
Q6,15,W,2/7/2019,7/2/2019,Diospyros maingayi,27.58,3.91,3.33,0.851662404,23.4888491,
Q6,15,W,2/7/2019,7/2/2019,Bauhinia semibifida,0.27,0.27,0.25,0.925925926,0.25,
Q6,15,W,2/7/2019,7/2/2019,U19,2.49,1.89,1.63,0.862433862,2.147460317,
Q6,15,W,2/7/2019,7/2/2019,Lophopetalum multinervium,1.82,1.82,1.62,0.89010989,1.62,
Q6,15,W,2/7/2019,7/2/2019,Shorea,0.35,0.35,0.31,0.885714286,0.31,
Q6,15,W,2/7/2019,7/2/2019,Willughbeia coriacea,0.26,0.26,0.23,0.884615385,0.23,
Q6,15,W,2/7/2019,7/2/2019,Madhuca tomentosa,37.05,4.21,3.68,0.874109264,32.38574822,
Q6,15,W,2/7/2019,7/2/2019,Campnosperma squamatum,11.44,5.83,5.14,0.881646655,10.08603774,
Q6,15,W,2/7/2019,7/2/2019,U28,31.34,3.17,2.39,0.753943218,23.62858044,
Q3,14,W,2/12/2019,12/2/2019,Xanthophyllum flavescens,1.82,1.53,1.4,0.91503268,1.665359477,
Q3,14,W,2/12/2019,12/2/2019,Dalbergia pseudo-sissoo,1.1,1,0.9,0.9,0.99,
Q3,14,W,2/12/2019,12/2/2019,Lophopetalum multinervium,10.85,9.43,8.35,0.885471898,9.607370095,
Q3,14,W,2/12/2019,12/2/2019,Madhuca tomentosa,13.03,3.82,3.38,0.884816754,11.5291623,
Q3,14,W,2/12/2019,12/2/2019,U16,7.86,2.28,2.04,0.894736842,7.032631579,
Q3,14,W,2/12/2019,12/2/2019,U19,6.41,2.82,2.55,0.904255319,5.796276596,
Q3,14,W,2/12/2019,12/2/2019,Maasia glauca,6.81,1.94,1.77,0.912371134,6.213247423,
Q3,14,W,2/12/2019,12/2/2019,Myristica cinnamomea,5.08,1.51,1.37,0.907284768,4.609006623,
Q3,14,W,2/12/2019,12/2/2019,Sterculia cordata,2.84,2.84,2.55,0.897887324,2.55,
Q3,14,W,2/12/2019,12/2/2019,U35,15.39,3.93,3.46,0.880407125,13.54946565,
Q4,15,W,2/12/2019,12/2/2019,Myristica cinnamomea,8.36,1.57,1.45,0.923566879,7.721019108,
Q4,15,W,2/12/2019,12/2/2019,Bauhinia semibifida,1.48,0.75,0.69,0.92,1.3616,
Q4,15,W,2/12/2019,12/2/2019,Madhuca tomentosa,7.46,3.4,2.91,0.855882353,6.384882353,
Q4,15,W,2/12/2019,12/2/2019,U36,5.12,2.45,2.21,0.902040816,4.61844898,
Q4,15,W,2/12/2019,12/2/2019,Aporosa falcifera,2.29,2.12,1.91,0.900943396,2.063160377,
Q4,15,W,2/12/2019,12/2/2019,Sterculia cordata,2.63,2.63,2.35,0.893536122,2.35,
Q4,15,W,2/12/2019,12/2/2019,Lophopetalum multinervium,3.93,3.39,2.98,0.879056047,3.454690265,
Q4,15,W,2/12/2019,12/2/2019,Xanthophyllum flavescens,2.1,2.1,1.88,0.895238095,1.88,
Q4,15,W,2/12/2019,12/2/2019,U27,17.97,1.8,1.63,0.905555556,16.27283333,
Q4,15,W,2/12/2019,12/2/2019,Dalbergia pseudo-sissoo,6.87,1.78,1.61,0.904494382,6.213876404,
Q1,14,D,2/12/2019,12/2/2019,Canarium pilosum,1.96,1.29,1.14,0.88372093,1.732093023,
Q1,14,D,2/12/2019,12/2/2019,Timonius wallichianus,2.99,1.22,1.1,0.901639344,2.695901639,
Q1,14,D,2/12/2019,12/2/2019,Aporosa frutescens,2.21,0.6,0.54,0.9,1.989,
Q1,14,D,2/12/2019,12/2/2019,Bauhinia semibifida,0.79,0.75,0.66,0.88,0.6952,
Q1,14,D,2/12/2019,12/2/2019,Leuconotis griffithii,1.93,1.93,1.75,0.906735751,1.75,
Q1,14,D,2/12/2019,12/2/2019,U2,2.35,0.96,0.87,0.90625,2.1296875,
Q1,14,D,2/12/2019,12/2/2019,Pternandra echinata,2.97,0.53,0.45,0.849056604,2.521698113,
Q1,14,D,2/12/2019,12/2/2019,Prunus polystachya,9.2,7.93,7.2,0.907944515,8.353089533,
Q1,14,D,2/12/2019,12/2/2019,Iodes velutina,7.37,1.45,1.3,0.896551724,6.607586207,
Q1,14,D,2/12/2019,12/2/2019,U31,23.29,1.75,1.57,0.897142857,20.89445714,
Q1,14,D,2/12/2019,12/2/2019,Xanthophyllum flavescens,7.75,1.72,1.57,0.912790698,7.074127907,
Q1,14,D,2/12/2019,12/2/2019,Bhesa paniculata,13.39,5.13,4.65,0.906432749,12.1371345,
Q1,14,D,2/12/2019,12/2/2019,Gironniera nervosa,8.44,2.03,1.85,0.911330049,7.691625616,
Q1,14,D,2/12/2019,12/2/2019,Grewia laevigata,20.41,1.11,1,0.900900901,18.38738739,
Q10,14,W,2/12/2019,12/2/2019,Campnosperma squamatum,69.92,4.96,4.44,0.89516129,62.58967742,
Q10,14,W,2/12/2019,12/2/2019,Fissistigma latifolium var. ovoideum,4.28,3.65,3.32,0.909589041,3.893041096,
Q10,14,W,2/12/2019,12/2/2019,Gynotroches axillaris,5.27,1.69,1.5,0.887573964,4.677514793,
Q10,14,W,2/12/2019,12/2/2019,Aporosa frutescens,0.16,0.16,0.12,0.75,0.12,
Q10,14,W,2/12/2019,12/2/2019,Grewia laevigata,5.98,1.72,1.55,0.901162791,5.388953488,
Q10,14,W,2/12/2019,12/2/2019,Dalbergia pseudo-sissoo,4.07,0.75,0.67,0.893333333,3.635866667,
Q10,14,W,2/12/2019,12/2/2019,Derris amoena,1.06,0.55,0.52,0.945454545,1.002181818,
Q10,14,W,2/12/2019,12/2/2019,Myristica cinnamomea,0.85,0.85,0.8,0.941176471,0.8,
Q10,14,W,2/12/2019,12/2/2019,Elaeocarpus mastersii,2.89,0.81,0.74,0.913580247,2.640246914,
Q10,14,W,2/12/2019,12/2/2019,U9,0.93,0.93,0.82,0.88172043,0.82,
Q10,14,W,2/12/2019,12/2/2019,Alstonia pneumatophora,9.48,1.88,1.65,0.877659574,8.320212766,
Q10,14,W,2/12/2019,12/2/2019,Uncaria cordata,7.54,3.67,3.33,0.907356948,6.84147139,
Q10,14,W,2/12/2019,12/2/2019,Bauhinia semibifida,12.57,0.63,0.55,0.873015873,10.97380952,
Q408,15,D,02/19/19,19/2/2019,Leuconotis griffithii,10.56,2.89,2.1,0.726643599,7.673356401,
Q408,15,D,02/19/19,19/2/2019,U13,0.39,0.39,0.35,0.897435897,0.35,
Q408,15,D,02/19/19,19/2/2019,Gironniera nervosa,25.82,2.35,1.43,0.608510638,15.71174468,
Q408,15,D,02/19/19,19/2/2019,Lithocarpus ewyckii,25.44,1.36,1.21,0.889705882,22.63411765,
Q408,15,D,02/19/19,19/2/2019,Rhodamnia cinerea,17.03,1.46,0.96,0.657534247,11.19780822,
Q408,15,D,02/19/19,19/2/2019,Fissistigma latifolium var. ovoideum,7.37,4.58,3.84,0.838427948,6.179213974,
Q408,15,D,02/19/19,19/2/2019,Willughbeia coriacea,0.76,0.76,0.67,0.881578947,0.67,
Q408,15,D,02/19/19,19/2/2019,U59,20.52,6.45,3.68,0.570542636,11.70753488,
Q408,15,D,02/19/19,19/2/2019,Prunus polystachya,7.51,6.14,5.47,0.890879479,6.690504886,
Q408,15,D,02/19/19,19/2/2019,Derris amoena,3.85,0.89,0.64,0.719101124,2.768539326,
Q408,15,D,02/19/19,19/2/2019,Aporosa frutescens,1.67,0.86,0.78,0.906976744,1.514651163,
Q408,15,D,02/19/19,19/2/2019,Timonius wallichianus,1.72,0.97,0.86,0.886597938,1.524948454,
Q213,15,D,02/19/19,19/2/2019,Timonius wallichianus,1.59,1.24,1.07,0.862903226,1.372016129,
Q213,15,D,02/19/19,19/2/2019,Prunus polystachya,20.5,9.67,6.44,0.665977249,13.65253361,
Q213,15,D,02/19/19,19/2/2019,Iodes ovalis,9.44,0.55,0.29,0.527272727,4.977454545,
Q213,15,D,02/19/19,19/2/2019,Calophyllum tetrapterum var. tetrapterum,16.95,1.17,0.56,0.478632479,8.112820513,
Q213,15,D,02/19/19,19/2/2019,Archidendron clypearia,37.28,0.52,0.2,0.384615385,14.33846154,
Q213,15,D,02/19/19,19/2/2019,Gironniera nervosa,8,1.75,0.93,0.531428571,4.251428571,
Q213,15,D,02/19/19,19/2/2019,U13,2.55,2.55,2.2,0.862745098,2.2,
Q213,15,D,02/19/19,19/2/2019,U34,3.29,0.72,0.62,0.861111111,2.833055556,
Q213,15,D,02/19/19,19/2/2019,Aporosa frutescens,2.19,1.01,0.91,0.900990099,1.973168317,
Q213,15,D,02/19/19,19/2/2019,Rhodamnia cinerea,19.78,1.21,0.87,0.719008264,14.22198347,
Q213,15,D,02/19/19,19/2/2019,Smilax setosa,12.86,4.86,3.59,0.738683128,9.499465021,
Q213,15,D,02/19/19,19/2/2019,Dysoxylum cauliflorum,18.29,2.5,1.46,0.584,10.68136,
Q405,15,D,02/19/19,19/2/2019,Lindera lucida,33.15,5.05,3.33,0.659405941,21.85930693,
Q405,15,D,02/19/19,19/2/2019,Prunus polystachya,18.76,9.95,8.89,0.893467337,16.76144724,
Q405,15,D,02/19/19,19/2/2019,Archidendron clypearia,2.49,0.3,0.16,0.533333333,1.328,
Q405,15,D,02/19/19,19/2/2019,Pternandra echinata,2.16,0.8,0.61,0.7625,1.647,
Q405,15,D,02/19/19,19/2/2019,Litsea firma,1.34,0.67,0.55,0.820895522,1.1,
Q405,15,D,02/19/19,19/2/2019,Elaeocarpus stipularis,14.31,1.65,0.84,0.509090909,7.285090909,
Q405,15,D,02/19/19,19/2/2019,Gironniera nervosa,0.42,0.42,0.4,0.952380952,0.4,
Q405,15,D,02/19/19,19/2/2019,Bauhinia semibifida,87.65,2.35,1.17,0.49787234,43.63851064,
Q405,15,D,02/19/19,19/2/2019,Timonius wallichianus,0.66,0.66,0.61,0.924242424,0.61,
Q405,15,D,02/19/19,19/2/2019,U41,8.11,0.74,0.35,0.472972973,3.835810811,
Q405,15,D,02/19/19,19/2/2019,Bhesa paniculata,12.86,4.91,4.32,0.879837067,11.31470468,
Q405,15,D,02/19/19,19/2/2019,Uncaria cordata,9.27,5.95,4.76,0.8,7.416,
Q405,15,D,02/19/19,19/2/2019,Rhodamnia cinerea,1.86,0.75,0.66,0.88,1.6368,
Q405,15,D,02/19/19,19/2/2019,Grewia laevigata,1.1,0.85,0.75,0.882352941,0.970588235,
Q9,15,W,02/19/19,19/2/2019,U19,0.39,0.39,0.35,0.897435897,0.35,
Q9,15,W,02/19/19,19/2/2019,Pometia pinnata,0.47,0.47,0.41,0.872340426,0.41,
Q9,15,W,02/19/19,19/2/2019,Bauhinia semibifida,1.43,1.16,0.45,0.387931034,0.554741379,
Q9,15,W,02/19/19,19/2/2019,Campnosperma squamatum,15.68,8.15,6.03,0.739877301,11.60127607,
Q9,15,W,02/19/19,19/2/2019,Artocarpus kemando,1.12,1.12,0.98,0.875,0.98,
Q9,15,W,02/19/19,19/2/2019,U30,2.08,1.15,1.02,0.886956522,1.844869565,
Q9,15,W,02/19/19,19/2/2019,Dalbergia pseudo-sissoo,15.51,1.57,1,0.636942675,9.878980892,
Q9,15,W,02/19/19,19/2/2019,Shorea,2.61,1.69,1.5,0.887573964,2.316568047,
Q9,15,W,02/19/19,19/2/2019,Lophopetalum multinervium,25.67,8.55,6.45,0.754385965,19.36508772,
Q9,15,W,02/19/19,19/2/2019,Gluta wallichii,9.49,3.44,2.98,0.86627907,8.220988372,
Q6,16,W,02/19/19,19/2/2019,U28,112.52,3.43,2.41,0.702623907,79.05924198,
Q6,16,W,02/19/19,19/2/2019,Bauhinia semibifida,0.56,0.56,0.49,0.875,0.49,
Q6,16,W,02/19/19,19/2/2019,Diospyros maingayi,17.27,3.83,2.65,0.691906005,11.94921671,
Q6,16,W,02/19/19,19/2/2019,Artocarpus kemando,33.63,2,1.19,0.595,20.00985,
Q6,16,W,02/19/19,19/2/2019,U19,3.38,1.49,1.3,0.872483221,2.948993289,
Q6,16,W,02/19/19,19/2/2019,Pometia pinnata,3.46,1.13,0.94,0.831858407,2.878230088,
Q6,16,W,02/19/19,19/2/2019,Willughbeia coriacea,0.67,0.67,0.6,0.895522388,0.6,
Q6,16,W,02/19/19,19/2/2019,Campnosperma squamatum,23,3.7,3.33,0.9,20.7,
Q6,16,W,02/19/19,19/2/2019,Madhuca tomentosa,29.96,3.47,3.04,0.876080692,26.24737752,
Q6,16,W,02/19/19,19/2/2019,U39,5.32,2.04,1.7,0.833333333,4.433333333,
Q107,16,D,02/19/19,19/2/2019,Buchanania sessifolia,7.14,1.25,0.84,0.672,4.79808,
Q107,16,D,02/19/19,19/2/2019,Fissistigma latifolium var. ovoideum,5.98,4.03,3.06,0.759305211,4.540645161,
Q107,16,D,02/19/19,19/2/2019,Aporosa prainiana,22.19,3.39,1.48,0.436578171,9.687669617,
Q107,16,D,02/19/19,19/2/2019,Adenanthera malayana,32.76,0.52,0.2,0.384615385,12.6,
Q107,16,D,02/19/19,19/2/2019,Willughbeia coriacea,4.25,2.91,1.82,0.625429553,2.658075601,
Q107,16,D,02/19/19,19/2/2019,Bauhinia semibifida,0.24,0.24,0.08,0.333333333,0.08,
Q107,16,D,02/19/19,19/2/2019,U40,7.25,1.81,1.15,0.635359116,4.606353591,
Q107,16,D,02/19/19,19/2/2019,Gironniera nervosa,14.12,3.79,1.9,0.501319261,7.078627968,
Q107,16,D,02/19/19,19/2/2019,U38,33.77,0.94,0.29,0.308510638,10.41840426,
Q107,16,D,02/19/19,19/2/2019,U19,31.84,2.43,1.52,0.625514403,19.9163786,
Q107,16,D,02/19/19,19/2/2019,Iodes ovalis,1.49,0.68,0.33,0.485294118,0.723088235,
Q107,16,D,02/19/19,19/2/2019,Nothaphoebe umbelliflora,22.57,1.66,1.15,0.692771084,15.63584337,
Q107,16,D,02/19/19,19/2/2019,U29,21.26,2.52,1.62,0.642857143,13.66714286,
Q107,16,D,02/19/19,19/2/2019,Grewia laevigata,7.76,2.68,1.49,0.555970149,4.314328358,
Q107,16,D,02/19/19,19/2/2019,Strychnos,12.3,1.73,0.63,0.36416185,4.479190751,
Q1,15,D,02/26/19,26/2/2019,Grewia laevigata,21.21,1.28,1.16,0.90625,19.2215625,
Q1,15,D,02/26/19,26/2/2019,Pternandra echinata,1.67,0.58,0.51,0.879310345,1.468448276,
Q1,15,D,02/26/19,26/2/2019,Bhesa paniculata,16.86,3.3,3.04,0.921212121,15.53163636,
Q1,15,D,02/26/19,26/2/2019,Gironniera nervosa,11.83,1.81,1.63,0.900552486,10.65353591,
Q1,15,D,02/26/19,26/2/2019,U2,8.33,1.15,0.96,0.834782609,6.95373913,
Q1,15,D,02/26/19,26/2/2019,Bauhinia semibifida,1.89,0.94,0.88,0.936170213,1.769361702,
Q1,15,D,02/26/19,26/2/2019,Iodes velutina,3.74,1.05,0.98,0.933333333,3.490666667,
Q1,15,D,02/26/19,26/2/2019,Timonius wallichianus,3.92,1.33,1.2,0.902255639,3.536842105,
Q1,15,D,02/26/19,26/2/2019,Canarium pilosum,0.93,0.93,0.85,0.913978495,0.85,
Q1,15,D,02/26/19,26/2/2019,U31,6.34,1.58,1.4,0.886075949,5.617721519,
Q1,15,D,02/26/19,26/2/2019,Leuconotis griffithii,7.07,2.71,2.43,0.896678967,6.339520295,
Q1,15,D,02/26/19,26/2/2019,Aporosa frutescens,3.58,0.58,0.51,0.879310345,3.147931034,
Q1,15,D,02/26/19,26/2/2019,Xanthophyllum flavescens,10.58,1.61,1.5,0.931677019,9.857142857,6 = 1.98
Q1,15,D,02/26/19,26/2/2019,Prunus polystachya,3.11,3.11,2.84,0.91318328,2.84,
Q3,15,W,02/26/19,26/2/2019,Lophopetalum multinervium,19.19,5.5,4.88,0.887272727,17.02676364,
Q3,15,W,02/26/19,26/2/2019,Madhuca tomentosa,17.45,3.08,2.7,0.876623377,15.29707792,
Q3,15,W,02/26/19,26/2/2019,Dalbergia pseudo-sissoo,0.89,0.89,0.79,0.887640449,0.79,
Q3,15,W,02/26/19,26/2/2019,U43,6.08,1.1,0.98,0.890909091,5.416727273,
Q3,15,W,02/26/19,26/2/2019,Xanthophyllum flavescens,0.23,0.23,0.2,0.869565217,0.2,
Q3,15,W,02/26/19,26/2/2019,U30,0.21,0.21,0.18,0.857142857,0.18,
Q3,15,W,02/26/19,26/2/2019,Aporosa frutescens,0.46,0.46,0.42,0.913043478,0.42,
Q3,15,W,02/26/19,26/2/2019,U16,5.98,1.78,1.59,0.893258427,5.341685393,
Q3,15,W,02/26/19,26/2/2019,Uncaria cordata,0.55,0.55,0.49,0.890909091,0.49,
Q3,15,W,02/26/19,26/2/2019,U36,2.43,2.43,2.17,0.893004115,2.17,
Q3,15,W,02/26/19,26/2/2019,U35,19.97,3.1,2.33,0.751612903,15.00970968,
Q3,15,W,02/26/19,26/2/2019,Sterculia cordata,2.46,2.46,2.24,0.910569106,2.24,
Q3,15,W,02/26/19,26/2/2019,U42,14.34,2.62,2.17,0.828244275,11.8770229,
Q3,15,W,02/26/19,26/2/2019,U19,6.32,2.13,1.95,0.915492958,5.785915493,
Q3,15,W,02/26/19,26/2/2019,Pometia pinnata,2.74,2.74,2.46,0.897810219,2.46,
Q3,15,W,02/26/19,26/2/2019,Myristica cinnamomea,6.55,1.25,1.15,0.92,6.026,
Q3,15,W,02/26/19,26/2/2019,Maasia glauca,4.24,1.8,1.64,0.911111111,3.863111111,
Q10,15,W,02/26/19,26/2/2019,Campnosperma squamatum,65.02,3.75,3.32,0.885333333,57.56437333,
Q10,15,W,02/26/19,26/2/2019,Bauhinia semibifida,16.1,0.84,0.74,0.880952381,14.18333333,
Q10,15,W,02/26/19,26/2/2019,Dalbergia pseudo-sissoo,7.84,0.9,0.79,0.877777778,6.881777778,
Q10,15,W,02/26/19,26/2/2019,Fissistigma latifolium var. ovoideum,12.81,4.69,4.25,0.906183369,11.60820896,
Q10,15,W,02/26/19,26/2/2019,U9,1.33,1.33,1.21,0.909774436,1.21,
Q10,15,W,02/26/19,26/2/2019,Uncaria cordata,2.68,2.39,2.16,0.90376569,2.42209205,
Q10,15,W,02/26/19,26/2/2019,Myristica cinnamomea,1.93,1.16,1.07,0.922413793,1.780258621,
Q10,15,W,02/26/19,26/2/2019,Elaeocarpus mastersii,5.27,0.96,0.87,0.90625,4.7759375,
Q10,15,W,02/26/19,26/2/2019,Xanthophyllum flavescens,0.26,0.26,0.23,0.884615385,0.23,
Q10,15,W,02/26/19,26/2/2019,Aporosa frutescens,0.18,0.18,0.18,1,0.18,
Q10,15,W,02/26/19,26/2/2019,Grewia laevigata,6.77,1.07,0.93,0.869158879,5.884205607,
Q10,15,W,02/26/19,26/2/2019,Alstonia pneumatophora,18.45,2.1,1.1,0.523809524,9.664285714,
Q4,16,W,02/26/19,26/2/2019,Madhuca tomentosa,12.36,2.79,2.5,0.896057348,11.07526882,
Q4,16,W,02/26/19,26/2/2019,U27,9.38,1.22,1.08,0.885245902,8.303606557,
Q4,16,W,02/26/19,26/2/2019,Xanthophyllum flavescens,0.72,0.72,0.67,0.930555556,0.67,
Q4,16,W,02/26/19,26/2/2019,Aporosa falcifera,0.99,0.99,0.89,0.898989899,0.89,
Q4,16,W,02/26/19,26/2/2019,U19,0.69,0.69,0.62,0.898550725,0.62,
Q4,16,W,02/26/19,26/2/2019,U16,1.73,1.73,1.54,0.89017341,1.54,
Q4,16,W,02/26/19,26/2/2019,Dalbergia pseudo-sissoo,6.34,0.92,0.81,0.880434783,5.581956522,
Q4,16,W,02/26/19,26/2/2019,Bauhinia semibifida,0.62,0.62,0.55,0.887096774,0.55,
Q4,16,W,02/26/19,26/2/2019,Myristica cinnamomea,4.42,1.2,1.11,0.925,4.0885,
Q4,16,W,02/26/19,26/2/2019,Vatica pauciflora ,0.88,0.88,0.8,0.909090909,0.8,
Q4,16,W,02/26/19,26/2/2019,Lophopetalum multinervium,2.12,2.12,1.88,0.886792453,1.88,
Q4,16,W,02/26/19,26/2/2019,U36,6.16,2.34,2.12,0.905982906,5.580854701,
Q408,16,D,3/4/2019,4/3/2019,Lithocarpus ewyckii,24.69,1.04,0.94,0.903846154,22.31596154,
Q408,16,D,3/4/2019,4/3/2019,Gironniera nervosa,13.85,2.56,2.31,0.90234375,12.49746094,
Q408,16,D,3/4/2019,4/3/2019,Prunus polystachya,78.11,6.68,6.01,0.899700599,70.27561377,
Q408,16,D,3/4/2019,4/3/2019,Campnosperma squamatum,0.55,0.55,0.5,0.909090909,0.5,
Q408,16,D,3/4/2019,4/3/2019,U41,0.67,0.44,0.38,0.863636364,0.578636364,
Q408,16,D,3/4/2019,4/3/2019,U33,1.68,1.36,1.22,0.897058824,1.507058824,
Q408,16,D,3/4/2019,4/3/2019,U44,14.8,6.03,5.46,0.905472637,13.40099502,
Q408,16,D,3/4/2019,4/3/2019,Pternandra echinata,0.15,0.15,0.13,0.866666667,0.13,
Q408,16,D,3/4/2019,4/3/2019,Rhodamnia cinerea,7.91,1.15,0.99,0.860869565,6.809478261,
Q408,16,D,3/4/2019,4/3/2019,Fissistigma latifolium var. ovoideum,2.77,1.63,1.49,0.914110429,2.53208589,
Q408,16,D,3/4/2019,4/3/2019,Timonius wallichianus,1.37,0.99,0.89,0.898989899,1.231616162,
Q408,16,D,3/4/2019,4/3/2019,Derris amoena,2.91,0.88,0.8,0.909090909,2.645454545,
Q408,16,D,3/4/2019,4/3/2019,U59,17.28,2.15,1.9,0.88372093,15.27069767,
Q408,16,D,3/4/2019,4/3/2019,Leuconotis griffithii,21.24,2.47,2.17,0.87854251,18.66024291,
Q213,16,D,3/4/2019,4/3/2019,Smilax setosa,6.18,3.44,3.12,0.906976744,5.605116279,
Q213,16,D,3/4/2019,4/3/2019,Gironniera nervosa,3.77,1.38,1.25,0.905797101,3.414855072,
Q213,16,D,3/4/2019,4/3/2019,Iodes ovalis,4.57,0.34,0.31,0.911764706,4.166764706,
Q213,16,D,3/4/2019,4/3/2019,Rhodamnia cinerea,6.95,0.81,0.71,0.87654321,6.091975309,
Q213,16,D,3/4/2019,4/3/2019,Archidendron clypearia,14.87,0.58,0.54,0.931034483,13.84448276,
Q213,16,D,3/4/2019,4/3/2019,U34,0.79,0.79,0.74,0.936708861,0.74,
Q213,16,D,3/4/2019,4/3/2019,Prunus polystachya,15.49,7.68,6.96,0.90625,14.0378125,
Q213,16,D,3/4/2019,4/3/2019,Dysoxylum cauliflorum,7.68,1.45,1.3,0.896551724,6.885517241,
Q213,16,D,3/4/2019,4/3/2019,Aporosa frutescens,1.44,0.8,0.73,0.9125,1.314,
Q213,16,D,3/4/2019,4/3/2019,Timonius wallichianus,0.96,0.62,0.56,0.903225806,0.867096774,
Q213,16,D,3/4/2019,4/3/2019,Pentace triptera,2.22,2.22,1.95,0.878378378,1.95,
Q213,16,D,3/4/2019,4/3/2019,Calophyllum tetrapterum var. tetrapterum,7.97,0.8,0.67,0.8375,6.674875,
Q6,17,W,3/4/2019,4/3/2019,Madhuca tomentosa,13.18,2.71,2.37,0.874538745,11.52642066,
Q6,17,W,3/4/2019,4/3/2019,Diospyros maingayi,17.45,2.78,2.46,0.884892086,15.44136691,
Q6,17,W,3/4/2019,4/3/2019,Campnosperma squamatum,23.23,4.23,3.81,0.90070922,20.92347518,
Q6,17,W,3/4/2019,4/3/2019,U28,20.29,2.25,2.01,0.893333333,18.12573333,
Q6,17,W,3/4/2019,4/3/2019,Artocarpus kemando,14.07,1.7,1.56,0.917647059,12.91129412,
Q6,17,W,3/4/2019,4/3/2019,Willughbeia coriacea,0.32,0.32,0.3,0.9375,0.3,
Q6,17,W,3/4/2019,4/3/2019,Dalbergia pseudo-sissoo,0.51,0.51,0.47,0.921568627,0.47,
Q6,17,W,3/4/2019,4/3/2019,U39,7.23,2.18,2.03,0.931192661,6.732522936,
Q6,17,W,3/4/2019,4/3/2019,U19,0.94,0.94,0.84,0.893617021,0.84,
Q6,17,W,3/4/2019,4/3/2019,Lophopetalum multinervium,3.29,3.29,2.92,0.887537994,2.92,
Q6,17,W,3/4/2019,4/3/2019,Bauhinia semibifida,0.64,0.64,0.58,0.90625,0.58,
Q6,17,W,3/4/2019,4/3/2019,Pometia pinnata,3.17,1.27,1.17,0.921259843,2.920393701,
Q107,17,D,3/4/2019,4/3/2019,Aporosa prainiana,14.67,1.61,1.44,0.894409938,13.12099379,
Q107,17,D,3/4/2019,4/3/2019,Gironniera nervosa,9.55,1.35,1.1,0.814814815,7.781481481,
Q107,17,D,3/4/2019,4/3/2019,Buchanania sessifolia,7.54,1.23,1.06,0.861788618,6.497886179,
Q107,17,D,3/4/2019,4/3/2019,Strychnos,6.94,0.84,0.73,0.869047619,6.031190476,
Q107,17,D,3/4/2019,4/3/2019,Fissistigma latifolium var. ovoideum,5.81,2.54,2.42,0.952755906,5.535511811,
Q107,17,D,3/4/2019,4/3/2019,Grewia laevigata,5.54,2.02,1.77,0.876237624,4.854356436,
Q107,17,D,3/4/2019,4/3/2019,U29,11.69,1.94,1.4,0.721649485,8.436082474,
Q107,17,D,3/4/2019,4/3/2019,U19,13.93,1.66,1.48,0.891566265,12.41951807,
Q107,17,D,3/4/2019,4/3/2019,Xanthophyllum flavescens,0.59,0.59,0.48,0.813559322,0.48,
Q107,17,D,3/4/2019,4/3/2019,Bauhinia semibifida,0.56,0.33,0.27,0.818181818,0.458181818,
Q107,17,D,3/4/2019,4/3/2019,U40,0.88,0.88,0.8,0.909090909,0.8,
Q107,17,D,3/4/2019,4/3/2019,Adenanthera malayana,11.75,0.32,0.28,0.875,10.28125,
Q107,17,D,3/4/2019,4/3/2019,Iodes ovalis,0.78,0.65,0.57,0.876923077,0.684,
Q107,17,D,3/4/2019,4/3/2019,Nothaphoebe umbelliflora,9.74,2.08,1.81,0.870192308,8.475673077,
Q107,17,D,3/4/2019,4/3/2019,U38,5.39,0.25,0.23,0.92,4.9588,
Q107,17,D,3/4/2019,4/3/2019,Willughbeia coriacea,1.7,1.7,1.53,0.9,1.53,
Q9,16,W,3/4/2019,4/3/2019,Campnosperma squamatum,25.34,4.03,3.54,0.878411911,22.25895782,
Q9,16,W,3/4/2019,4/3/2019,Lophopetalum multinervium,23.13,5.21,4.65,0.892514395,20.64385797,
Q9,16,W,3/4/2019,4/3/2019,Shorea,10.35,4.18,3.79,0.906698565,9.384330144,
Q9,16,W,3/4/2019,4/3/2019,Dalbergia pseudo-sissoo,15.74,1,0.91,0.91,14.3234,
Q9,16,W,3/4/2019,4/3/2019,Artocarpus kemando,1.16,1.16,1.04,0.896551724,1.04,
Q9,16,W,3/4/2019,4/3/2019,Gluta wallichii,2.65,2.65,2.52,0.950943396,2.52,
Q9,16,W,3/4/2019,4/3/2019,U28,6.58,2.13,1.92,0.901408451,5.931267606,
Q9,16,W,3/4/2019,4/3/2019,Pometia pinnata,0.99,0.74,0.63,0.851351351,0.842837838,
Q9,16,W,3/4/2019,4/3/2019,Bauhinia semibifida,0.94,0.94,0.84,0.893617021,0.84,
Q9,16,W,3/4/2019,4/3/2019,U30,1.81,1.73,1.54,0.89017341,1.611213873,
Q9,16,W,3/4/2019,4/3/2019,U19,1.18,1.18,1.04,0.881355932,1.04,
Q1,16,D,3/12/2019,12/3/2019,Gironniera nervosa,10.39,1.9,1.51,0.794736842,8.257315789,
Q1,16,D,3/12/2019,12/3/2019,Bhesa paniculata,11.83,3.35,2.5,0.746268657,8.828358209,
Q1,16,D,3/12/2019,12/3/2019,Prunus polystachya,17.33,9.87,7.61,0.771023303,13.36183384,
Q1,16,D,3/12/2019,12/3/2019,Grewia laevigata,34.4,2.04,1.35,0.661764706,22.76470588,
Q1,16,D,3/12/2019,12/3/2019,Timonius wallichianus,6.22,1.13,0.9,0.796460177,4.953982301,
Q1,16,D,3/12/2019,12/3/2019,Leuconotis griffithii,10.17,3.19,2.06,0.645768025,6.567460815,
Q1,16,D,3/12/2019,12/3/2019,U31,6.75,2,1.49,0.745,5.02875,
Q1,16,D,3/12/2019,12/3/2019,Aporosa frutescens,3.16,0.61,0.44,0.721311475,2.279344262,
Q1,16,D,3/12/2019,12/3/2019,Iodes velutina,20.36,5.68,1.21,0.213028169,4.337253521,
Q1,16,D,3/12/2019,12/3/2019,Xanthophyllum flavescens,29.38,2.87,1.5,0.522648084,15.3554007,
Q1,16,D,3/12/2019,12/3/2019,Agelaea borneensis,4.64,1.33,0.81,0.609022556,2.825864662,
Q1,16,D,3/12/2019,12/3/2019,Bauhinia semibifida,1.74,1.74,0.55,0.316091954,0.55,
Q1,16,D,3/12/2019,12/3/2019,Canarium pilosum,7.81,1.76,1.28,0.727272727,5.68,
Q1,16,D,3/12/2019,12/3/2019,Pternandra echinata,6.06,0.72,0.49,0.680555556,4.124166667,
Q1,16,D,3/12/2019,12/3/2019,Archidendron clypearia,0.06,0.06,0.02,0.333333333,0.02,
Q1,16,D,3/12/2019,12/3/2019,U2,12.08,2.17,1.43,0.658986175,7.960552995,
Q3,16,W,3/12/2019,12/3/2019,Madhuca tomentosa,10,2.96,2.45,0.827702703,8.277027027,
Q3,16,W,3/12/2019,12/3/2019,Maasia glauca,2.71,2.36,2.16,0.915254237,2.480338983,
Q3,16,W,3/12/2019,12/3/2019,Pometia pinnata,0.11,0.11,0.09,0.818181818,0.09,
Q3,16,W,3/12/2019,12/3/2019,U42,1.61,1.61,1.44,0.894409938,1.44,
Q3,16,W,3/12/2019,12/3/2019,U16,2.97,2.34,2.06,0.88034188,2.614615385,
Q3,16,W,3/12/2019,12/3/2019,U19,9.62,1.98,1.37,0.691919192,6.656262626,
Q3,16,W,3/12/2019,12/3/2019,U43,4.61,0.86,0.75,0.872093023,4.020348837,
Q3,16,W,3/12/2019,12/3/2019,Lophopetalum multinervium,5.3,5.3,4.69,0.88490566,4.69,
Q3,16,W,3/12/2019,12/3/2019,Xanthophyllum flavescens,8.29,2.36,1.85,0.783898305,6.498516949,
Q3,16,W,3/12/2019,12/3/2019,Myristica cinnamomea,10.17,1.33,0.87,0.654135338,6.652556391,
Q3,16,W,3/12/2019,12/3/2019,U35,6.48,3.14,2.66,0.847133758,5.489426752,
Q3,16,W,3/12/2019,12/3/2019,Dalbergia pseudo-sissoo,1.1,0.84,0.79,0.94047619,1.03452381,
Q4,17,W,3/12/2019,12/3/2019,U45,13.24,2.97,2.62,0.882154882,11.67973064,
Q4,17,W,3/12/2019,12/3/2019,U27,15.98,2.09,1.32,0.631578947,10.09263158,
Q4,17,W,3/12/2019,12/3/2019,Lophopetalum multinervium,9.32,4.15,3.6,0.86746988,8.084819277,
Q4,17,W,3/12/2019,12/3/2019,Madhuca tomentosa,8.35,3.04,2.2,0.723684211,6.042763158,
Q4,17,W,3/12/2019,12/3/2019,U30,0.46,0.46,0.43,0.934782609,0.43,
Q4,17,W,3/12/2019,12/3/2019,Dalbergia pseudo-sissoo,4.79,1.26,0.98,0.777777778,3.725555556,
Q4,17,W,3/12/2019,12/3/2019,U36,4.13,2,1.8,0.9,3.717,
Q4,17,W,3/12/2019,12/3/2019,Myristica cinnamomea,3.54,1.06,0.93,0.877358491,3.105849057,
Q4,17,W,3/12/2019,12/3/2019,Xanthophyllum flavescens,2.67,2.42,2.12,0.876033058,2.339008264,
Q4,17,W,3/12/2019,12/3/2019,Aporosa falcifera,2.04,2.04,1.78,0.87254902,1.78,
Q4,17,W,3/12/2019,12/3/2019,Bauhinia semibifida,0.52,0.52,0.19,0.365384615,0.19,
Q4,17,W,3/12/2019,12/3/2019,Pometia pinnata,0.14,0.14,0.14,1,0.14,
Q4,17,W,3/12/2019,12/3/2019,U19,0.27,0.27,0.24,0.888888889,0.24,
Q4,17,W,3/12/2019,12/3/2019,U16,2.02,2.02,1.63,0.806930693,1.63,
Q4,17,W,3/12/2019,12/3/2019,Vatica pauciflora ,0.55,0.55,0.34,0.618181818,0.34,
Q4,17,W,3/12/2019,12/3/2019,Gluta wallichii,0.73,0.73,0.71,0.97260274,0.71,
Q4,17,W,3/12/2019,12/3/2019,U28,4.21,2.35,1.82,0.774468085,3.260510638,
Q10,16,W,3/12/2019,12/3/2019,Campnosperma squamatum,73.44,6.43,5.12,0.796267496,58.47788491,
Q10,16,W,3/12/2019,12/3/2019,Bhesa paniculata,6.1,6.1,5.42,0.88852459,5.42,
Q10,16,W,3/12/2019,12/3/2019,Fissistigma latifolium var. ovoideum,10.72,4.27,3.74,0.87587822,9.38941452,
Q10,16,W,3/12/2019,12/3/2019,Alstonia pneumatophora,17.72,2.27,1.3,0.572687225,10.14801762,
Q10,16,W,3/12/2019,12/3/2019,Bauhinia semibifida,52.23,1.42,0.58,0.408450704,21.33338028,
Q10,16,W,3/12/2019,12/3/2019,Myristica cinnamomea,3.12,1.45,1.19,0.820689655,2.560551724,
Q10,16,W,3/12/2019,12/3/2019,Grewia laevigata,4.86,1.29,1.07,0.829457364,4.031162791,
Q10,16,W,3/12/2019,12/3/2019,Madhuca tomentosa,1.59,1.59,1.39,0.874213836,1.39,
Q10,16,W,3/12/2019,12/3/2019,Aporosa frutescens,0.08,0.08,0.08,1,0.08,
Q10,16,W,3/12/2019,12/3/2019,Dalbergia pseudo-sissoo,11.28,1.48,0.93,0.628378378,7.088108108,
Q10,16,W,3/12/2019,12/3/2019,Uncaria cordata,1.31,1.31,1.17,0.893129771,1.17,
Q10,16,W,3/12/2019,12/3/2019,Xanthophyllum flavescens,3.24,1.91,1.69,0.884816754,2.866806283,
Q10,16,W,3/12/2019,12/3/2019,Pternandra echinata,0.17,0.17,0.13,0.764705882,0.13,
Q10,16,W,3/12/2019,12/3/2019,Elaeocarpus mastersii,2.93,0.52,0.44,0.846153846,2.479230769,
Q10,16,W,3/12/2019,12/3/2019,Gynotroches axillaris,1.71,1.55,1.35,0.870967742,1.489354839,
Q405,16,D,3/12/2019,12/3/2019,Prunus polystachya,45.08,14.09,9.4,0.667139815,30.07466288,
Q405,16,D,3/12/2019,12/3/2019,Bhesa paniculata,7.68,3.7,2.91,0.786486486,6.040216216,
Q405,16,D,3/12/2019,12/3/2019,Gironniera nervosa,0.9,0.9,0.83,0.922222222,0.83,
Q405,16,D,3/12/2019,12/3/2019,Bauhinia semibifida,112.39,2.59,1.11,0.428571429,48.16714286,
Q405,16,D,3/12/2019,12/3/2019,Uncaria cordata,5.97,5,4.45,0.89,5.3133,
Q405,16,D,3/12/2019,12/3/2019,Rhodamnia cinerea,1.21,0.48,0.4,0.833333333,1.008333333,
Q405,16,D,3/12/2019,12/3/2019,Archidendron clypearia,4.7,0.72,0.41,0.569444444,2.676388889,
Q405,16,D,3/12/2019,12/3/2019,Grewia laevigata,0.75,0.65,0.59,0.907692308,0.680769231,
Q405,16,D,3/12/2019,12/3/2019,Xanthophyllum flavescens,0.17,0.17,0.16,0.941176471,0.16,
Q405,16,D,3/12/2019,12/3/2019,Litsea firma,0.83,0.76,0.67,0.881578947,0.731710526,
Q405,16,D,3/12/2019,12/3/2019,Elaeocarpus stipularis,11.38,2.84,1.31,0.461267606,5.249225352,
Q405,16,D,3/12/2019,12/3/2019,Pternandra echinata,0.89,0.53,0.42,0.79245283,0.705283019,
Q405,16,D,3/12/2019,12/3/2019,Lindera lucida,8.46,4.82,3.44,0.713692946,6.037842324,
Q405,16,D,3/12/2019,12/3/2019,U41,4.33,1.06,0.51,0.481132075,2.083301887,
Q405,16,D,3/12/2019,12/3/2019,Timonius wallichianus,2.01,0.9,0.79,0.877777778,1.764333333,
Q408,17,D,03/19/19,19/3/2019,Prunus polystachya,121.18,10.29,9.29,0.90281827,109.403518,
Q408,17,D,03/19/19,19/3/2019,Gironniera nervosa,13.04,2.39,2.19,0.916317992,11.94878661,
Q408,17,D,03/19/19,19/3/2019,Lithocarpus ewyckii,28.95,1.33,1.23,0.92481203,26.77330827,
Q408,17,D,03/19/19,19/3/2019,U44,9.31,6.34,5.77,0.910094637,8.472981073,
Q408,17,D,03/19/19,19/3/2019,Fissistigma latifolium var. ovoideum,5.33,2.65,2.42,0.913207547,4.867396226,
Q408,17,D,03/19/19,19/3/2019,U59,5.52,2.52,2.41,0.956349206,5.279047619,
Q408,17,D,03/19/19,19/3/2019,Timonius wallichianus,2.41,0.68,0.62,0.911764706,2.197352941,
Q408,17,D,03/19/19,19/3/2019,Rhodamnia cinerea,7.38,1.29,1.11,0.860465116,6.350232558,
Q408,17,D,03/19/19,19/3/2019,Aporosa frutescens,1.19,0.84,0.75,0.892857143,1.0625,
Q408,17,D,03/19/19,19/3/2019,Leuconotis griffithii,9.57,3.4,3.01,0.885294118,8.472264706,
Q408,17,D,03/19/19,19/3/2019,Derris amoena,2.52,0.8,0.71,0.8875,2.2365,
Q408,17,D,03/19/19,19/3/2019,Pentace triptera,1.73,1.28,0.98,0.765625,1.32453125,
Q213,17,D,03/19/19,19/3/2019,Prunus polystachya,55.82,9.24,8.71,0.942640693,52.61820346,
Q213,17,D,03/19/19,19/3/2019,Smilax setosa,11.64,2.88,2.58,0.895833333,10.4275,
Q213,17,D,03/19/19,19/3/2019,Calophyllum tetrapterum var. tetrapterum,6.04,0.49,0.45,0.918367347,5.546938776,
Q213,17,D,03/19/19,19/3/2019,Timonius wallichianus,4.99,1.19,1.04,0.87394958,4.361008403,
Q213,17,D,03/19/19,19/3/2019,Aporosa frutescens,2.4,0.72,0.67,0.930555556,2.233333333,
Q213,17,D,03/19/19,19/3/2019,Dysoxylum cauliflorum,11.64,2.1,1.91,0.90952381,10.58685714,
Q213,17,D,03/19/19,19/3/2019,Gironniera nervosa,6.67,1.9,1.73,0.910526316,6.073210526,
Q213,17,D,03/19/19,19/3/2019,Archidendron clypearia,24.99,0.52,0.48,0.923076923,23.06769231,
Q213,17,D,03/19/19,19/3/2019,Litsea firma,0.26,0.26,0.23,0.884615385,0.23,
Q213,17,D,03/19/19,19/3/2019,Pentace triptera,2.47,2.47,2.18,0.882591093,2.18,
Q213,17,D,03/19/19,19/3/2019,U34,0.41,0.41,0.37,0.902439024,0.37,
Q213,17,D,03/19/19,19/3/2019,Rhodamnia cinerea,7.34,0.99,0.87,0.878787879,6.45030303,
Q213,17,D,03/19/19,19/3/2019,Agelaea borneensis,2.6,1.12,1.03,0.919642857,2.391071429,
Q213,17,D,03/19/19,19/3/2019,Iodes ovalis,3.35,0.37,0.31,0.837837838,2.806756757,
Q6,18,W,03/19/19,19/3/2019,Artocarpus kemando,30.89,1.77,1.57,0.88700565,27.39960452,
Q6,18,W,03/19/19,19/3/2019,Madhuca tomentosa,14.54,3.18,2.89,0.908805031,13.21402516,
Q6,18,W,03/19/19,19/3/2019,Campnosperma squamatum,23.81,4.58,4.08,0.890829694,21.21065502,
Q6,18,W,03/19/19,19/3/2019,Diospyros maingayi,23.47,2.32,2.04,0.879310345,20.63741379,
Q6,18,W,03/19/19,19/3/2019,U28,3.47,2.59,2.32,0.895752896,3.108262548,
Q6,18,W,03/19/19,19/3/2019,U48,8.86,1.89,1.72,0.91005291,8.063068783,
Q6,18,W,03/19/19,19/3/2019,Sterculia cordata,1.46,1.46,1.3,0.890410959,1.3,
Q6,18,W,03/19/19,19/3/2019,Dalbergia pseudo-sissoo,0.16,0.16,0.12,0.75,0.12,
Q6,18,W,03/19/19,19/3/2019,Willughbeia coriacea,0.42,0.42,0.37,0.880952381,0.37,
Q6,18,W,03/19/19,19/3/2019,Pometia pinnata,17.85,1.5,1.36,0.906666667,16.184,
Q6,18,W,03/19/19,19/3/2019,U19,1.36,1.36,1.23,0.904411765,1.23,
Q6,18,W,03/19/19,19/3/2019,Bauhinia semibifida,0.38,0.36,0.33,0.916666667,0.348333333,
Q6,18,W,03/19/19,19/3/2019,Lophopetalum multinervium,0.86,0.86,0.76,0.88372093,0.76,
Q6,18,W,03/19/19,19/3/2019,U39,0.66,0.66,0.61,0.924242424,0.61,
Q107,18,D,03/19/19,19/3/2019,U29,11.3,2.76,2.5,0.905797101,10.23550725,
Q107,18,D,03/19/19,19/3/2019,Adenanthera malayana,12.85,0.25,0.22,0.88,11.308,
Q107,18,D,03/19/19,19/3/2019,Fissistigma latifolium var. ovoideum,6.23,3.25,2.91,0.895384615,5.578246154,
Q107,18,D,03/19/19,19/3/2019,Aporosa prainiana,4.52,1.82,1.6,0.879120879,3.973626374,
Q107,18,D,03/19/19,19/3/2019,Buchanania sessifolia,3.35,1.07,0.97,0.906542056,3.036915888,
Q107,18,D,03/19/19,19/3/2019,Willughbeia coriacea,2.37,2.29,2.05,0.895196507,2.121615721,
Q107,18,D,03/19/19,19/3/2019,Bauhinia semibifida,0.49,0.32,0.29,0.90625,0.4440625,
Q107,18,D,03/19/19,19/3/2019,Gironniera nervosa,6.6,1.6,1.45,0.90625,5.98125,
Q107,18,D,03/19/19,19/3/2019,U9,0.83,0.83,0.74,0.891566265,0.74,
Q107,18,D,03/19/19,19/3/2019,Nothaphoebe umbelliflora,6.6,2.61,2.32,0.888888889,5.866666667,
Q107,18,D,03/19/19,19/3/2019,Iodes ovalis,0.23,0.23,0.21,0.913043478,0.21,
Q107,18,D,03/19/19,19/3/2019,U47,5.93,1.89,1.78,0.941798942,5.584867725,
Q107,18,D,03/19/19,19/3/2019,U19,17.44,1.56,1.41,0.903846154,15.76307692,
Q107,18,D,03/19/19,19/3/2019,U38,1.94,0.28,0.26,0.928571429,1.801428571,
Q107,18,D,03/19/19,19/3/2019,Grewia laevigata,5.69,0.98,0.86,0.87755102,4.993265306,
Q107,18,D,03/19/19,19/3/2019,Strychnos,9.5,0.79,0.72,0.911392405,8.658227848,
Q9,17,W,03/19/19,19/3/2019,Campnosperma squamatum,18.8,5.51,4.9,0.889292196,16.71869328,
Q9,17,W,03/19/19,19/3/2019,Dalbergia pseudo-sissoo,29.2,0.89,0.8,0.898876404,26.24719101,
Q9,17,W,03/19/19,19/3/2019,Lophopetalum multinervium,24.65,5.46,4.85,0.888278388,21.89606227,
Q9,17,W,03/19/19,19/3/2019,Bauhinia semibifida,0.26,0.26,0.21,0.807692308,0.21,
Q9,17,W,03/19/19,19/3/2019,U30,0.79,0.79,0.69,0.873417722,0.69,
Q9,17,W,03/19/19,19/3/2019,Madhuca tomentosa,0.62,0.62,0.55,0.887096774,0.55,
Q9,17,W,03/19/19,19/3/2019,U28,17.12,3.59,3.12,0.86908078,14.87866295,
Q9,17,W,03/19/19,19/3/2019,Gluta wallichii,6.38,3.96,3.7,0.934343434,5.961111111,
Q9,17,W,03/19/19,19/3/2019,U48,3.06,1.68,1.56,0.928571429,2.841428571,
Q9,17,W,03/19/19,19/3/2019,U49,19.5,2.76,2.49,0.902173913,17.5923913,
Q9,17,W,03/19/19,19/3/2019,Shorea,23.14,2.32,1.73,0.745689655,17.25525862,
Q9,17,W,03/19/19,19/3/2019,Artocarpus kemando,2.83,1.4,1.24,0.885714286,2.506571429,
Q4,18,W,03/25/19,25/3/2019,Madhuca tomentosa,10.11,4.72,4.15,0.879237288,8.889088983,
Q4,18,W,03/25/19,25/3/2019,U45,16.15,4.33,3.93,0.907621247,14.65808314,
Q4,18,W,03/25/19,25/3/2019,Xanthophyllum flavescens,3.11,2.75,2.48,0.901818182,2.804654545,
Q4,18,W,03/25/19,25/3/2019,U42,2.29,2.29,2.04,0.890829694,2.04,
Q4,18,W,03/25/19,25/3/2019,Lophopetalum multinervium,2.73,2.73,2.42,0.886446886,2.42,
Q4,18,W,03/25/19,25/3/2019,U28,2.91,2.91,2.32,0.797250859,2.32,
Q4,18,W,03/25/19,25/3/2019,Myristica cinnamomea,3.91,1.32,1.2,0.909090909,3.554545455,
Q4,18,W,03/25/19,25/3/2019,U19,0.88,0.88,0.79,0.897727273,0.79,
Q4,18,W,03/25/19,25/3/2019,U16,2.44,1.33,1.16,0.872180451,2.128120301,
Q4,18,W,03/25/19,25/3/2019,Aporosa falcifera,2.13,1.75,1.56,0.891428571,1.898742857,
Q4,18,W,03/25/19,25/3/2019,Dalbergia pseudo-sissoo,7.2,0.99,0.86,0.868686869,6.254545455,
Q4,18,W,03/25/19,25/3/2019,U27,15.23,2.13,1.52,0.713615023,10.86835681,
Q4,18,W,03/25/19,25/3/2019,U36,1.41,1.41,1.29,0.914893617,1.29,
Q4,18,W,03/25/19,25/3/2019,Bauhinia semibifida,0.66,0.66,0.58,0.878787879,0.58,
Q4,18,W,03/25/19,25/3/2019,Vatica pauciflora ,2.28,2.28,2.06,0.903508772,2.06,
Q405,17,D,03/25/19,25/3/2019,Prunus polystachya,22.59,11.44,10.09,0.881993007,19.92422203,
Q405,17,D,03/25/19,25/3/2019,Rhodamnia cinerea,0.33,0.33,0.28,0.848484848,0.28,
Q405,17,D,03/25/19,25/3/2019,Bhesa paniculata,12.19,6.88,6.1,0.886627907,10.80799419,
Q405,17,D,03/25/19,25/3/2019,Xanthophyllum flavescens,0.39,0.39,0.34,0.871794872,0.34,
Q405,17,D,03/25/19,25/3/2019,Bauhinia semibifida,86.37,1.57,0.61,0.388535032,33.5577707,
Q405,17,D,03/25/19,25/3/2019,Archidendron clypearia,2.32,0.41,0.38,0.926829268,2.150243902,
Q405,17,D,03/25/19,25/3/2019,Gironniera nervosa,0.43,0.43,0.4,0.930232558,0.4,
Q405,17,D,03/25/19,25/3/2019,Agelaea borneensis,0.52,0.52,0.47,0.903846154,0.47,
Q405,17,D,03/25/19,25/3/2019,Litsea firma,0.33,0.33,0.28,0.848484848,0.28,
Q405,17,D,03/25/19,25/3/2019,Pternandra echinata,0.82,0.47,0.41,0.872340426,0.715319149,
Q405,17,D,03/25/19,25/3/2019,Timonius wallichianus,1.94,1.51,1.36,0.900662252,1.747284768,
Q405,17,D,03/25/19,25/3/2019,Lindera lucida,7.68,3.36,2.53,0.75297619,5.782857143,
Q405,17,D,03/25/19,25/3/2019,Grewia laevigata,1.16,0.98,0.86,0.87755102,1.017959184,
Q405,17,D,03/25/19,25/3/2019,Elaeocarpus stipularis,3.12,0.98,0.85,0.867346939,2.706122449,
Q405,17,D,03/25/19,25/3/2019,Uncaria cordata,8.33,6.07,5.09,0.838550247,6.985123558,
Q405,17,D,03/25/19,25/3/2019,U41,4.03,0.42,0.36,0.857142857,3.454285714,
Q3,17,W,03/25/19,25/3/2019,Madhuca tomentosa,5.69,3.79,3.3,0.870712401,4.954353562,
Q3,17,W,03/25/19,25/3/2019,U49,2.21,1.7,1.53,0.9,1.989,
Q3,17,W,03/25/19,25/3/2019,U48,0.47,0.47,0.4,0.85106383,0.4,
Q3,17,W,03/25/19,25/3/2019,U36,2.39,1.55,1.38,0.890322581,2.127870968,
Q3,17,W,03/25/19,25/3/2019,U43,3.86,1.04,0.92,0.884615385,3.414615385,
Q3,17,W,03/25/19,25/3/2019,Maasia glauca,4.92,2.17,1.95,0.898617512,4.421198157,
Q3,17,W,03/25/19,25/3/2019,Lophopetalum multinervium,4.43,4.43,3.9,0.880361174,3.9,
Q3,17,W,03/25/19,25/3/2019,Dalbergia pseudo-sissoo,2.36,1.67,1.48,0.886227545,2.091497006,
Q3,17,W,03/25/19,25/3/2019,U19,1.56,1.56,1.12,0.717948718,1.12,
Q3,17,W,03/25/19,25/3/2019,U42,4.5,2.21,1.97,0.891402715,4.011312217,
Q3,17,W,03/25/19,25/3/2019,Xanthophyllum flavescens,11.89,2.12,1.79,0.844339623,10.03919811,
Q3,17,W,03/25/19,25/3/2019,U35,4.7,3.69,3.23,0.875338753,4.114092141,
Q3,17,W,03/25/19,25/3/2019,Myristica cinnamomea,4.46,1.46,1.28,0.876712329,3.910136986,
Q3,17,W,03/25/19,25/3/2019,Sterculia cordata,2.35,2.35,2.08,0.885106383,2.08,
Q3,17,W,03/25/19,25/3/2019,U16,7.69,2.2,1.87,0.85,6.5365,
Q1,17,D,03/25/19,25/3/2019,Gironniera nervosa,7.16,2.12,1.89,0.891509434,6.383207547,
Q1,17,D,03/25/19,25/3/2019,Hevea brasiliensis,10.17,2.67,2.22,0.831460674,8.455955056,
Q1,17,D,03/25/19,25/3/2019,Aporosa frutescens,4.24,0.6,0.54,0.9,3.816,
Q1,17,D,03/25/19,25/3/2019,Bhesa paniculata,9.77,4.41,3.95,0.89569161,8.750907029,
Q1,17,D,03/25/19,25/3/2019,Grewia laevigata,15.21,1.81,1.44,0.79558011,12.10077348,
Q1,17,D,03/25/19,25/3/2019,Xanthophyllum flavescens,20.73,1.89,1.57,0.830687831,17.22015873,
Q1,17,D,03/25/19,25/3/2019,Pternandra echinata,2.04,0.71,0.64,0.901408451,1.838873239,
Q1,17,D,03/25/19,25/3/2019,Leuconotis griffithii,3.04,3.04,2.68,0.881578947,2.68,
Q1,17,D,03/25/19,25/3/2019,Timonius wallichianus,1.72,0.96,0.87,0.90625,1.55875,
Q1,17,D,03/25/19,25/3/2019,Bauhinia semibifida,5.2,1.2,0.86,0.716666667,3.726666667,
Q1,17,D,03/25/19,25/3/2019,Prunus polystachya,19.89,8.97,7.6,0.847268673,16.85217391,
Q1,17,D,03/25/19,25/3/2019,Agelaea borneensis,2.91,1.57,1.33,0.847133758,2.465159236,
Q1,17,D,03/25/19,25/3/2019,U2,9.53,1.3,0.85,0.653846154,6.231153846,
Q1,17,D,03/25/19,25/3/2019,Canarium pilosum,7.01,1.53,1.12,0.732026144,5.131503268,
Q1,17,D,03/25/19,25/3/2019,Iodes velutina,3.24,1.47,1.31,0.891156463,2.887346939,
Q10,17,W,03/25/19,25/3/2019,Bhesa paniculata,3.12,3.12,2.8,0.897435897,2.8,
Q10,17,W,03/25/19,25/3/2019,Campnosperma squamatum,50.51,5.07,4.47,0.881656805,44.53248521,
Q10,17,W,03/25/19,25/3/2019,Bauhinia semibifida,13.99,0.73,0.64,0.876712329,12.26520548,
Q10,17,W,03/25/19,25/3/2019,Madhuca tomentosa,0.28,0.28,0.26,0.928571429,0.26,
Q10,17,W,03/25/19,25/3/2019,Elaeocarpus mastersii,6.06,0.75,0.68,0.906666667,5.4944,
Q10,17,W,03/25/19,25/3/2019,U9,0.29,0.29,0.25,0.862068966,0.25,
Q10,17,W,03/25/19,25/3/2019,Prunus polystachya,0.93,0.93,0.82,0.88172043,0.82,
Q10,17,W,03/25/19,25/3/2019,Uncaria cordata,1.98,1.98,1.75,0.883838384,1.75,
Q10,17,W,03/25/19,25/3/2019,Timonius wallichianus,1.1,1.1,0.95,0.863636364,0.95,
Q10,17,W,03/25/19,25/3/2019,Alstonia pneumatophora,13.01,2.17,1.34,0.617511521,8.033824885,
Q10,17,W,03/25/19,25/3/2019,Grewia laevigata,4.15,0.96,0.84,0.875,3.63125,
Q10,17,W,03/25/19,25/3/2019,Dalbergia pseudo-sissoo,9.34,0.9,0.77,0.855555556,7.990888889,
Q10,17,W,03/25/19,25/3/2019,Gynotroches axillaris,1.48,0.99,0.89,0.898989899,1.330505051,
Q10,17,W,03/25/19,25/3/2019,Myristica cinnamomea,3.73,1.2,1.06,0.883333333,3.294833333,
Q10,17,W,03/25/19,25/3/2019,Fissistigma latifolium var. ovoideum,9.23,3.61,3.21,0.889196676,8.207285319,
Q408,18,D,4/2/2019,2/4/2019,Fissistigma latifolium var. ovoideum,3.6,3.05,2.65,0.868852459,3.127868852,
Q408,18,D,4/2/2019,2/4/2019,U33,0.58,0.58,0.4,0.689655172,0.4,
Q408,18,D,4/2/2019,2/4/2019,U59,0.89,0.89,0.78,0.876404494,0.78,
Q408,18,D,4/2/2019,2/4/2019,Aporosa frutescens,0.5,0.5,0.42,0.84,0.42,
Q408,18,D,4/2/2019,2/4/2019,U41,0.37,0.33,0.29,0.878787879,0.325151515,
Q408,18,D,4/2/2019,2/4/2019,Derris amoena,1.82,0.78,0.68,0.871794872,1.586666667,
Q408,18,D,4/2/2019,2/4/2019,Timonius wallichianus,2.6,1.26,1.09,0.865079365,2.249206349,
Q408,18,D,4/2/2019,2/4/2019,Pentace triptera,2.38,1.5,1.29,0.86,2.0468,
Q408,18,D,4/2/2019,2/4/2019,Rhodamnia cinerea,5.97,1.28,1.04,0.8125,4.850625,
Q408,18,D,4/2/2019,2/4/2019,Lithocarpus ewyckii,14.85,1.36,1.04,0.764705882,11.35588235,
Q408,18,D,4/2/2019,2/4/2019,U44,14.1,6.27,4.96,0.791068581,11.15406699,
Q408,18,D,4/2/2019,2/4/2019,Prunus polystachya,49.41,12.06,10.44,0.865671642,42.77283582,
Q408,18,D,4/2/2019,2/4/2019,Gironniera nervosa,29.07,2.74,1.79,0.653284672,18.9909854,
Q408,18,D,4/2/2019,2/4/2019,Leuconotis griffithii,30.08,4.54,3.03,0.667400881,20.0754185,
Q213,18,D,4/2/2019,2/4/2019,Calophyllum tetrapterum var. tetrapterum,5.14,0.69,0.55,0.797101449,4.097101449,
Q213,18,D,4/2/2019,2/4/2019,Iodes ovalis,1.58,0.26,0.23,0.884615385,1.397692308,
Q213,18,D,4/2/2019,2/4/2019,U34,0.35,0.35,0.31,0.885714286,0.31,
Q213,18,D,4/2/2019,2/4/2019,Litsea firma,0.39,0.39,0.3,0.769230769,0.3,Drymass for 2 leaves
Q213,18,D,4/2/2019,2/4/2019,Agelaea borneensis,2.17,0.78,0.69,0.884615385,1.919615385,
Q213,18,D,4/2/2019,2/4/2019,Rhodamnia cinerea,4.65,0.87,0.76,0.873563218,4.062068966,
Q213,18,D,4/2/2019,2/4/2019,Smilax setosa,7.28,4.38,3.94,0.899543379,6.548675799,
Q213,18,D,4/2/2019,2/4/2019,Timonius wallichianus,1.72,0.92,0.84,0.913043478,1.570434783,
Q213,18,D,4/2/2019,2/4/2019,Aporosa frutescens,3.08,0.92,0.81,0.880434783,2.71173913,
Q213,18,D,4/2/2019,2/4/2019,Archidendron clypearia,42.15,0.94,0.5,0.531914894,22.42021277,
Q213,18,D,4/2/2019,2/4/2019,Gironniera nervosa,7.3,2.24,1.52,0.678571429,4.953571429,
Q213,18,D,4/2/2019,2/4/2019,Dysoxylum cauliflorum,12.57,3.1,1.95,0.629032258,7.906935484,
Q213,18,D,4/2/2019,2/4/2019,Pentace triptera,76.67,5.49,3.13,0.570127505,43.71167577,
Q213,18,D,4/2/2019,2/4/2019,Prunus polystachya,179.87,10.85,8.55,0.788018433,141.7408756,
Q6,19,W,4/2/2019,2/4/2019,U19,0.52,0.52,0.45,0.865384615,0.45,
Q6,19,W,4/2/2019,2/4/2019,Dalbergia pseudo-sissoo,1.11,0.91,0.81,0.89010989,0.988021978,
Q6,19,W,4/2/2019,2/4/2019,Shorea,1.67,1.67,1.5,0.898203593,1.5,
Q6,19,W,4/2/2019,2/4/2019,Lophopetalum multinervium,0.18,0.18,0.16,0.888888889,0.16,
Q6,19,W,4/2/2019,2/4/2019,Bauhinia semibifida,0.45,0.45,0.4,0.888888889,0.4,
Q6,19,W,4/2/2019,2/4/2019,U48,2.97,2,1.79,0.895,2.65815,
Q6,19,W,4/2/2019,2/4/2019,U49,2.61,2.61,2.33,0.892720307,2.33,
Q6,19,W,4/2/2019,2/4/2019,U28,4.6,2.7,2.38,0.881481481,4.054814815,
Q6,19,W,4/2/2019,2/4/2019,Pometia pinnata,3.95,0.94,0.83,0.882978723,3.487765957,
Q6,19,W,4/2/2019,2/4/2019,Madhuca tomentosa,17.64,4.69,2.98,0.635394456,11.20835821,
Q6,19,W,4/2/2019,2/4/2019,Artocarpus kemando,81.86,2.6,1.26,0.484615385,39.67061538,
Q6,19,W,4/2/2019,2/4/2019,Campnosperma squamatum,24.41,8.38,4.78,0.570405728,13.92360382,
Q6,19,W,4/2/2019,2/4/2019,Diospyros maingayi,40.72,7.19,4.21,0.585535466,23.84300417,
Q107,19,D,4/2/2019,2/4/2019,Gironniera nervosa,1.43,1.28,0.92,0.71875,1.0278125,
Q107,19,D,4/2/2019,2/4/2019,Buchanania sessifolia,4.62,0.83,0.74,0.891566265,4.119036145,
Q107,19,D,4/2/2019,2/4/2019,Strychnos,16.94,1.41,0.78,0.553191489,9.37106383,
Q107,19,D,4/2/2019,2/4/2019,Fissistigma latifolium var. ovoideum,4.03,3.68,3.31,0.899456522,3.624809783,
Q107,19,D,4/2/2019,2/4/2019,Bauhinia semibifida,1.54,0.9,0.29,0.322222222,0.496222222,
Q107,19,D,4/2/2019,2/4/2019,Iodes ovalis,0.21,0.21,0.14,0.666666667,0.14,
Q107,19,D,4/2/2019,2/4/2019,U38,0.89,0.35,0.18,0.514285714,0.457714286,
Q107,19,D,4/2/2019,2/4/2019,Willughbeia coriacea,3.16,2.91,2.12,0.728522337,2.302130584,
Q107,19,D,4/2/2019,2/4/2019,Nothaphoebe umbelliflora,2.16,1.59,1.38,0.867924528,1.874716981,
Q107,19,D,4/2/2019,2/4/2019,Aporosa prainiana,5.65,1.35,1.15,0.851851852,4.812962963,
Q107,19,D,4/2/2019,2/4/2019,U40,2.1,1.6,1.37,0.85625,1.798125,
Q107,19,D,4/2/2019,2/4/2019,U47,5.35,2.48,2.27,0.915322581,4.896975806,
Q107,19,D,4/2/2019,2/4/2019,U19,14.19,2.29,1.37,0.598253275,8.489213974,
Q107,19,D,4/2/2019,2/4/2019,U49,7.86,2.02,1.7,0.841584158,6.614851485,
Q107,19,D,4/2/2019,2/4/2019,Grewia laevigata,10.24,2.12,1.7,0.801886792,8.211320755,
Q107,19,D,4/2/2019,2/4/2019,U29,11.01,1.94,1.25,0.644329897,7.094072165,
Q107,19,D,4/2/2019,2/4/2019,Adenanthera malayana,26.24,0.72,0.21,0.291666667,7.653333333,
Q9,18,W,4/2/2019,2/4/2019,Madhuca tomentosa,0.32,0.32,0.3,0.9375,0.3,
Q9,18,W,4/2/2019,2/4/2019,Pometia pinnata,0.26,0.26,0.23,0.884615385,0.23,
Q9,18,W,4/2/2019,2/4/2019,U30,1.08,1.08,0.96,0.888888889,0.96,
Q9,18,W,4/2/2019,2/4/2019,U48,1.23,1.07,0.96,0.897196262,1.103551402,
Q9,18,W,4/2/2019,2/4/2019,Bauhinia semibifida,0.14,0.14,0.11,0.785714286,0.11,
Q9,18,W,4/2/2019,2/4/2019,Maasia glauca,0.72,0.72,0.65,0.902777778,0.65,
Q9,18,W,4/2/2019,2/4/2019,Artocarpus kemando,3.62,1.32,1.15,0.871212121,3.153787879,
Q9,18,W,4/2/2019,2/4/2019,U49,2.27,2.27,2.04,0.898678414,2.04,
Q9,18,W,4/2/2019,2/4/2019,Lophopetalum multinervium,11.26,6.21,5.46,0.879227053,9.900096618,
Q9,18,W,4/2/2019,2/4/2019,U28,15.91,4.65,2.67,0.574193548,9.135419355,
Q9,18,W,4/2/2019,2/4/2019,Dalbergia pseudo-sissoo,31.2,0.89,0.78,0.876404494,27.34382022,
Q9,18,W,4/2/2019,2/4/2019,Gluta wallichii,15.7,5.61,4.97,0.885918004,13.90891266,
Q9,18,W,4/2/2019,2/4/2019,Campnosperma squamatum,18.49,8.57,6.05,0.705950992,13.05303384,
Q9,18,W,4/2/2019,2/4/2019,Shorea,55.04,4.93,4.22,0.855983773,47.11334686,
Q1,18,D,4/9/2019,9/4/2019,Fissistigma latifolium var. ovoideum,0.48,0.48,0.46,0.958333333,0.46,
Q1,18,D,4/9/2019,9/4/2019,Agelaea borneensis,0.78,0.78,0.71,0.91025641,0.71,
Q1,18,D,4/9/2019,9/4/2019,Uncaria cordata,0.4,0.4,0.36,0.9,0.36,
Q1,18,D,4/9/2019,9/4/2019,Bauhinia semibifida,1.9,1.03,0.92,0.893203883,1.697087379,
Q1,18,D,4/9/2019,9/4/2019,Archidendron clypearia,0.04,0.04,0.03,0.75,0.03,
Q1,18,D,4/9/2019,9/4/2019,Gironniera nervosa,1.9,0.74,0.66,0.891891892,1.694594595,
Q1,18,D,4/9/2019,9/4/2019,Leuconotis griffithii,4.93,3.8,3.4,0.894736842,4.411052632,
Q1,18,D,4/9/2019,9/4/2019,Aporosa frutescens,2.15,0.6,0.54,0.9,1.935,
Q1,18,D,4/9/2019,9/4/2019,Timonius wallichianus,2.1,1,0.92,0.92,1.932,
Q1,18,D,4/9/2019,9/4/2019,Iodes velutina,4.35,1.69,1.57,0.928994083,4.04112426,
Q1,18,D,4/9/2019,9/4/2019,Pternandra echinata,2.18,0.52,0.46,0.884615385,1.928461538,
Q1,18,D,4/9/2019,9/4/2019,U2,9.31,0.92,0.82,0.891304348,8.298043478,
Q1,18,D,4/9/2019,9/4/2019,Canarium pilosum,5.32,2.76,2.5,0.905797101,4.81884058,
Q1,18,D,4/9/2019,9/4/2019,U31,2.87,1.5,1.32,0.88,2.5256,
Q1,18,D,4/9/2019,9/4/2019,U51,20.44,2.47,2.21,0.894736842,18.28842105,
Q1,18,D,4/9/2019,9/4/2019,Hevea brasiliensis,4.91,1.78,1.68,0.943820225,4.634157303,
Q1,18,D,4/9/2019,9/4/2019,Grewia laevigata,16.27,1.14,1.03,0.903508772,14.70008772,
Q1,18,D,4/9/2019,9/4/2019,Bhesa paniculata,14.27,5.09,4.58,0.899803536,12.84019646,
Q1,18,D,4/9/2019,9/4/2019,Xanthophyllum flavescens,12.05,1.22,1.11,0.909836066,10.96352459,
Q1,18,D,4/9/2019,9/4/2019,Prunus polystachya,273.49,14.24,13.09,0.919241573,251.4033778,
Q10,18,W,4/9/2019,9/4/2019,Xanthophyllum flavescens,0.23,0.23,0.22,0.956521739,0.22,
Q10,18,W,4/9/2019,9/4/2019,Aporosa frutescens,0.34,0.24,0.22,0.916666667,0.311666667,
Q10,18,W,4/9/2019,9/4/2019,Myristica cinnamomea,3.78,1.28,1.14,0.890625,3.3665625,
Q10,18,W,4/9/2019,9/4/2019,Grewia laevigata,2.24,0.9,0.8,0.888888889,1.991111111,
Q10,18,W,4/9/2019,9/4/2019,Fissistigma latifolium var. ovoideum,8.9,2.19,1.97,0.899543379,8.005936073,
Q10,18,W,4/9/2019,9/4/2019,Dalbergia pseudo-sissoo,5.79,1.08,0.97,0.898148148,5.200277778,
Q10,18,W,4/9/2019,9/4/2019,Elaeocarpus mastersii,6.72,1.28,1.14,0.890625,5.985,
Q10,18,W,4/9/2019,9/4/2019,Alstonia pneumatophora,25.29,1.2,1.02,0.85,21.4965,
Q10,18,W,4/9/2019,9/4/2019,Gynotroches axillaris,4.27,1.35,1.21,0.896296296,3.827185185,
Q10,18,W,4/9/2019,9/4/2019,Uncaria cordata,3.32,3.32,3.38,1.018072289,3.38,
Q10,18,W,4/9/2019,9/4/2019,Campnosperma squamatum,35.74,3.47,3.08,0.887608069,31.72311239,
Q10,18,W,4/9/2019,9/4/2019,Bauhinia semibifida,14.36,0.82,0.74,0.902439024,12.95902439,
Q3,18,W,4/9/2019,9/4/2019,Uncaria cordata,2.13,2.13,1.96,0.920187793,1.96,
Q3,18,W,4/9/2019,9/4/2019,U42,0.65,0.65,0.58,0.892307692,0.58,
Q3,18,W,4/9/2019,9/4/2019,Dalbergia pseudo-sissoo,0.66,0.66,0.6,0.909090909,0.6,
Q3,18,W,4/9/2019,9/4/2019,Gluta wallichii,0.98,0.98,0.88,0.897959184,0.88,
Q3,18,W,4/9/2019,9/4/2019,Pometia pinnata,0.36,0.36,0.33,0.916666667,0.33,
Q3,18,W,4/9/2019,9/4/2019,U35,1.29,1.29,1.14,0.88372093,1.14,
Q3,18,W,4/9/2019,9/4/2019,Maasia glauca,4.4,1.93,1.77,0.917098446,4.035233161,
Q3,18,W,4/9/2019,9/4/2019,Sterculia cordata,5.26,3.57,3.25,0.910364146,4.788515406,
Q3,18,W,4/9/2019,9/4/2019,Myristica cinnamomea,3.46,1.37,1.23,0.897810219,3.106423358,
Q3,18,W,4/9/2019,9/4/2019,U19,0.55,0.55,0.48,0.872727273,0.48,
Q3,18,W,4/9/2019,9/4/2019,U43,5.39,0.97,0.87,0.896907216,4.834329897,
Q3,18,W,4/9/2019,9/4/2019,Xanthophyllum flavescens,8.89,1.71,1.57,0.918128655,8.162163743,
Q3,18,W,4/9/2019,9/4/2019,U36,8.01,2.23,2.02,0.905829596,7.255695067,
Q3,18,W,4/9/2019,9/4/2019,Lophopetalum multinervium,9.92,7.72,6.71,0.869170984,8.622176166,
Q3,18,W,4/9/2019,9/4/2019,U52,9.48,2.93,2.65,0.90443686,8.574061433,
Q3,18,W,4/9/2019,9/4/2019,U16,11.38,2.19,1.97,0.899543379,10.23680365,
Q3,18,W,4/9/2019,9/4/2019,Madhuca tomentosa,12.02,3.82,3.4,0.890052356,10.69842932,
Q405,18,D,4/9/2019,9/4/2019,Litsea firma,0.28,0.28,0.26,0.928571429,0.26,
Q405,18,D,4/9/2019,9/4/2019,Rhodamnia cinerea,1.02,0.78,0.7,0.897435897,0.915384615,
Q405,18,D,4/9/2019,9/4/2019,Xanthophyllum flavescens,0.12,0.12,0.1,0.833333333,0.1,
Q405,18,D,4/9/2019,9/4/2019,Pternandra echinata,0.33,0.33,0.28,0.848484848,0.28,
Q405,18,D,4/9/2019,9/4/2019,Grewia laevigata,0.46,0.46,0.4,0.869565217,0.4,
Q405,18,D,4/9/2019,9/4/2019,Gironniera nervosa,0.86,0.86,0.79,0.918604651,0.79,
Q405,18,D,4/9/2019,9/4/2019,U41,3.47,0.49,0.44,0.897959184,3.115918367,
Q405,18,D,4/9/2019,9/4/2019,Archidendron clypearia,2.31,0.52,0.48,0.923076923,2.132307692,
Q405,18,D,4/9/2019,9/4/2019,Timonius wallichianus,3.31,0.88,0.81,0.920454545,3.046704545,
Q405,18,D,4/9/2019,9/4/2019,Lindera lucida,2.74,2.5,2.26,0.904,2.47696,
Q405,18,D,4/9/2019,9/4/2019,Elaeocarpus stipularis,5.54,1.05,0.96,0.914285714,5.065142857,
Q405,18,D,4/9/2019,9/4/2019,Agelaea borneensis,1.1,1.1,0.95,0.863636364,0.95,
Q405,18,D,4/9/2019,9/4/2019,Bhesa paniculata,23.15,6.63,5.93,0.894419306,20.70580694,
Q405,18,D,4/9/2019,9/4/2019,Bauhinia semibifida,37.37,1.57,1.4,0.891719745,33.32356688,
Q405,18,D,4/9/2019,9/4/2019,Uncaria cordata,7.12,5.96,5.45,0.91442953,6.510738255,
Q405,18,D,4/9/2019,9/4/2019,Prunus polystachya,9.71,9.57,8.53,0.891327064,8.654785789,
Q4,19,W,4/9/2019,9/4/2019,Aporosa falcifera,4.57,2.83,2.55,0.901060071,4.117844523,
Q4,19,W,4/9/2019,9/4/2019,U19,0.94,0.94,0.84,0.893617021,0.84,
Q4,19,W,4/9/2019,9/4/2019,Vatica pauciflora ,0.75,0.75,0.68,0.906666667,0.68,
Q4,19,W,4/9/2019,9/4/2019,Buchanania sessifolia,0.11,0.11,0.1,0.909090909,0.1,
Q4,19,W,4/9/2019,9/4/2019,Bauhinia semibifida,0.01,0.01,0.01,1,0.01,
Q4,19,W,4/9/2019,9/4/2019,Pometia pinnata,0.65,0.65,0.58,0.892307692,0.58,
Q4,19,W,4/9/2019,9/4/2019,Gynotroches axillaris,0.35,0.35,0.31,0.885714286,0.31,
Q4,19,W,4/9/2019,9/4/2019,U36,2.11,2.11,1.91,0.90521327,1.91,
Q4,19,W,4/9/2019,9/4/2019,U16,3.27,1.82,1.63,0.895604396,2.928626374,
Q4,19,W,4/9/2019,9/4/2019,Xanthophyllum flavescens,2.13,2.13,1.95,0.915492958,1.95,
Q4,19,W,4/9/2019,9/4/2019,Myristica cinnamomea,2.4,1.18,1.08,0.915254237,2.196610169,
Q4,19,W,4/9/2019,9/4/2019,Lophopetalum multinervium,6.41,5.89,5.27,0.894736842,5.735263158,
Q4,19,W,4/9/2019,9/4/2019,U42,3.5,2.01,1.76,0.875621891,3.064676617,
Q4,19,W,4/9/2019,9/4/2019,Dalbergia pseudo-sissoo,3.88,1.11,0.99,0.891891892,3.460540541,
Q4,19,W,4/9/2019,9/4/2019,U28,2.24,2.24,1.92,0.857142857,1.92,
Q4,19,W,4/9/2019,9/4/2019,U45,26.01,4.51,4.13,0.915742794,23.81847007,
Q4,19,W,4/9/2019,9/4/2019,Madhuca tomentosa,13.9,3.53,3.15,0.892351275,12.40368272,
Q4,19,W,4/9/2019,9/4/2019,U27,18.35,1.77,1.61,0.90960452,16.69124294,
Q6,20,W,04/15/19,15/4/2019,Diospyros maingayi,12.42,3.23,2.43,0.752321981,9.343839009,
Q6,20,W,04/15/19,15/4/2019,Madhuca tomentosa,6.38,2.7,2.38,0.881481481,5.623851852,
Q6,20,W,04/15/19,15/4/2019,U28,1.26,1.26,1.12,0.888888889,1.12,
Q6,20,W,04/15/19,15/4/2019,Willughbeia coriacea,0.56,0.56,0.49,0.875,0.49,
Q6,20,W,04/15/19,15/4/2019,U48,0.4,0.4,0.36,0.9,0.36,
Q6,20,W,04/15/19,15/4/2019,U41,0.77,0.4,0.37,0.925,0.71225,
Q6,20,W,04/15/19,15/4/2019,Artocarpus kemando,36.74,1.33,1.16,0.872180451,32.04390977,
Q6,20,W,04/15/19,15/4/2019,Pometia pinnata,3.88,0.67,0.59,0.880597015,3.416716418,
Q6,20,W,04/15/19,15/4/2019,U49,0.5,0.5,0.45,0.9,0.45,
Q6,20,W,04/15/19,15/4/2019,Vatica pauciflora ,1.89,1.89,1.55,0.82010582,1.55,
Q6,20,W,04/15/19,15/4/2019,U16,0.38,0.38,0.34,0.894736842,0.34,
Q6,20,W,04/15/19,15/4/2019,Gluta wallichii,1.64,1.64,1.45,0.884146341,1.45,
Q6,20,W,04/15/19,15/4/2019,Campnosperma squamatum,7.49,5.25,4.63,0.881904762,6.605466667,
Q6,20,W,04/15/19,15/4/2019,U52,25.78,3.6,3.21,0.891666667,22.98716667,
Q9,19,W,04/15/19,15/4/2019,Artocarpus kemando,2.52,1.3,1.17,0.9,2.268,
Q9,19,W,04/15/19,15/4/2019,U48,0.61,0.61,0.57,0.93442623,0.57,
Q9,19,W,04/15/19,15/4/2019,Madhuca tomentosa,0.85,0.85,0.76,0.894117647,0.76,
Q9,19,W,04/15/19,15/4/2019,Lophopetalum multinervium,5.23,4.58,3.97,0.866812227,4.533427948,
Q9,19,W,04/15/19,15/4/2019,U28,4.22,3.44,2.91,0.845930233,3.569825581,
Q9,19,W,04/15/19,15/4/2019,Pometia pinnata,0.5,0.5,0.45,0.9,0.45,
Q9,19,W,04/15/19,15/4/2019,Dalbergia pseudo-sissoo,16.46,0.98,0.86,0.87755102,14.4444898,
Q9,19,W,04/15/19,15/4/2019,Smilax setosa,2.91,2.91,2.54,0.872852234,2.54,
Q9,19,W,04/15/19,15/4/2019,U30,1.88,1.35,1.21,0.896296296,1.685037037,
Q9,19,W,04/15/19,15/4/2019,Gluta wallichii,19.47,4.29,3.48,0.811188811,15.79384615,
Q9,19,W,04/15/19,15/4/2019,Campnosperma squamatum,23.27,5.54,4.44,0.801444043,18.64960289,
Q9,19,W,04/15/19,15/4/2019,Shorea,171.72,4.78,3.99,0.834728033,143.3394979,
Q107,20,D,04/15/19,15/4/2019,Iodes ovalis,0.05,0.05,0.05,1,0.05,
Q107,20,D,04/15/19,15/4/2019,Willughbeia coriacea,0.9,0.9,0.75,0.833333333,0.75,
Q107,20,D,04/15/19,15/4/2019,Gironniera nervosa,3.17,1.49,1.35,0.906040268,2.872147651,
Q107,20,D,04/15/19,15/4/2019,Strychnos,9.83,0.92,0.72,0.782608696,7.693043478,
Q107,20,D,04/15/19,15/4/2019,Fissistigma latifolium var. ovoideum,0.84,0.84,0.75,0.892857143,0.75,
Q107,20,D,04/15/19,15/4/2019,U16,0.38,0.38,0.34,0.894736842,0.34,
Q107,20,D,04/15/19,15/4/2019,Grewia laevigata,6.2,1.57,1.36,0.866242038,5.370700637,
Q107,20,D,04/15/19,15/4/2019,U38,1.05,0.26,0.23,0.884615385,0.928846154,
Q107,20,D,04/15/19,15/4/2019,U19,4.19,1.68,1.48,0.880952381,3.691190476,
Q107,20,D,04/15/19,15/4/2019,U29,3.56,1.38,1.25,0.905797101,3.224637681,
Q107,20,D,04/15/19,15/4/2019,Bauhinia semibifida,1.41,0.57,0.4,0.701754386,0.989473684,
Q107,20,D,04/15/19,15/4/2019,Buchanania sessifolia,2.92,0.83,0.73,0.879518072,2.568192771,
Q107,20,D,04/15/19,15/4/2019,U49,4.09,1.61,1.46,0.906832298,3.708944099,
Q107,20,D,04/15/19,15/4/2019,U40,1.42,1.42,1.27,0.894366197,1.27,
Q107,20,D,04/15/19,15/4/2019,Adenanthera malayana,15.2,0.34,0.21,0.617647059,9.388235294,
Q107,20,D,04/15/19,15/4/2019,Aporosa prainiana,8.22,1.8,1.4,0.777777778,6.393333333,
Q107,20,D,04/15/19,15/4/2019,Nothaphoebe umbelliflora,3.46,1.49,1.29,0.865771812,2.99557047,
Q107,20,D,04/15/19,15/4/2019,U47,2.32,1.82,1.64,0.901098901,2.090549451,
Q107,20,D,04/15/19,15/4/2019,U53,9.75,1.35,1.21,0.896296296,8.738888889,
Q213,19,D,04/15/19,15/4/2019,Litsea firma,0.72,0.72,0.65,0.902777778,0.65,
Q213,19,D,04/15/19,15/4/2019,Agelaea borneensis,1.69,0.82,0.73,0.890243902,1.504512195,
Q213,19,D,04/15/19,15/4/2019,Calophyllum tetrapterum var. tetrapterum,2.97,0.49,0.43,0.87755102,2.606326531,
Q213,19,D,04/15/19,15/4/2019,Timonius wallichianus,1.33,1.14,1.03,0.903508772,1.201666667,
Q213,19,D,04/15/19,15/4/2019,Rhodamnia cinerea,3.81,1.18,1.04,0.881355932,3.357966102,
Q213,19,D,04/15/19,15/4/2019,Aporosa frutescens,1.32,0.77,0.68,0.883116883,1.165714286,
Q213,19,D,04/15/19,15/4/2019,Iodes ovalis,0.8,0.3,0.28,0.933333333,0.746666667,
Q213,19,D,04/15/19,15/4/2019,U34,0.21,0.21,0.19,0.904761905,0.19,
Q213,19,D,04/15/19,15/4/2019,U49,0.66,0.66,0.6,0.909090909,0.6,
Q213,19,D,04/15/19,15/4/2019,Smilax setosa,6.84,3.99,3.36,0.842105263,5.76,
Q213,19,D,04/15/19,15/4/2019,Gironniera nervosa,4,1.02,0.94,0.921568627,3.68627451,
Q213,19,D,04/15/19,15/4/2019,Dysoxylum cauliflorum,7.83,1.65,1.49,0.903030303,7.070727273,
Q213,19,D,04/15/19,15/4/2019,Archidendron clypearia,15.26,0.47,0.42,0.893617021,13.63659574,
Q213,19,D,04/15/19,15/4/2019,Pentace triptera,118.38,3.4,3,0.882352941,104.4529412,
Q213,19,D,04/15/19,15/4/2019,Prunus polystachya,88.98,10.77,9.64,0.895078923,79.64412256,
Q408,19,D,04/15/19,15/4/2019,U44,7.92,4.55,4.1,0.901098901,7.136703297,
Q408,19,D,04/15/19,15/4/2019,U41,0.12,0.12,0.09,0.75,0.09,
Q408,19,D,04/15/19,15/4/2019,Derris amoena,0.71,0.71,0.64,0.901408451,0.64,
Q408,19,D,04/15/19,15/4/2019,Rhodamnia cinerea,4.99,1.25,1.1,0.88,4.3912,
Q408,19,D,04/15/19,15/4/2019,Gironniera nervosa,4.18,1.35,1.2,0.888888889,3.715555556,
Q408,19,D,04/15/19,15/4/2019,Fissistigma latifolium var. ovoideum,1.82,1.82,1.63,0.895604396,1.63,
Q408,19,D,04/15/19,15/4/2019,U33,10.2,2.15,1.63,0.758139535,7.733023256,
Q408,19,D,04/15/19,15/4/2019,Pentace triptera,0.35,0.35,0.31,0.885714286,0.31,
Q408,19,D,04/15/19,15/4/2019,Leuconotis griffithii,12.62,2.77,2.42,0.873646209,11.02541516,
Q408,19,D,04/15/19,15/4/2019,U59,3.57,2.89,2.31,0.799307958,2.853529412,
Q408,19,D,04/15/19,15/4/2019,Prunus polystachya,8.34,8.34,7.41,0.888489209,7.41,
Q408,19,D,04/15/19,15/4/2019,Timonius wallichianus,3.81,1.53,1.36,0.888888889,3.386666667,
Q408,19,D,04/15/19,15/4/2019,Lithocarpus ewyckii,18.3,1.25,1.14,0.912,16.6896,
Q405,19,D,04/23/19,23/4/2019,Litsea firma,0.47,0.44,0.39,0.886363636,0.416590909,
Q405,19,D,04/23/19,23/4/2019,Agelaea borneensis,0.52,0.52,0.47,0.903846154,0.47,
Q405,19,D,04/23/19,23/4/2019,Timonius wallichianus,2.47,1.46,1.32,0.904109589,2.233150685,
Q405,19,D,04/23/19,23/4/2019,Elaeocarpus stipularis,3.32,1.18,1.07,0.906779661,3.010508475,
Q405,19,D,04/23/19,23/4/2019,Uncaria cordata,2.57,2.57,2.31,0.898832685,2.31,
Q405,19,D,04/23/19,23/4/2019,Xanthophyllum flavescens,0.57,0.57,0.49,0.859649123,0.49,
Q405,19,D,04/23/19,23/4/2019,Archidendron clypearia,3.27,0.56,0.49,0.875,2.86125,
Q405,19,D,04/23/19,23/4/2019,U41,2.07,0.37,0.34,0.918918919,1.902162162,
Q405,19,D,04/23/19,23/4/2019,Gironniera nervosa,1.14,1.14,1.05,0.921052632,1.05,
Q405,19,D,04/23/19,23/4/2019,Grewia laevigata,1.83,0.93,0.84,0.903225806,1.652903226,
Q405,19,D,04/23/19,23/4/2019,Lindera lucida,3.27,2.97,2.57,0.865319865,2.82959596,
Q405,19,D,04/23/19,23/4/2019,Bhesa paniculata,5.36,4.57,4.01,0.877461707,4.703194748,
Q405,19,D,04/23/19,23/4/2019,Prunus polystachya,49.67,18.46,15.94,0.863488624,42.88947996,
Q405,19,D,04/23/19,23/4/2019,Bauhinia semibifida,56.07,0.93,0.89,0.956989247,53.6583871,
Q1,19,D,04/23/19,23/4/2019,U2,4.03,0.94,0.84,0.893617021,3.601276596,
Q1,19,D,04/23/19,23/4/2019,Pternandra echinata,1.91,0.58,0.51,0.879310345,1.679482759,
Q1,19,D,04/23/19,23/4/2019,Canarium pilosum,7.18,1.61,1.45,0.900621118,6.466459627,
Q1,19,D,04/23/19,23/4/2019,Timonius wallichianus,2.32,0.91,0.85,0.934065934,2.167032967,
Q1,19,D,04/23/19,23/4/2019,Agelaea borneensis,0.74,0.74,0.68,0.918918919,0.68,
Q1,19,D,04/23/19,23/4/2019,Bauhinia semibifida,1.44,0.77,0.7,0.909090909,1.309090909,
Q1,19,D,04/23/19,23/4/2019,U31,0.41,0.41,0.36,0.87804878,0.36,
Q1,19,D,04/23/19,23/4/2019,Iodes velutina,1.14,1.14,1.04,0.912280702,1.04,
Q1,19,D,04/23/19,23/4/2019,Aporosa frutescens,7.19,0.5,0.48,0.96,6.9024,
Q1,19,D,04/23/19,23/4/2019,U51,17.43,2.51,2.21,0.880478088,15.34673307,
Q1,19,D,04/23/19,23/4/2019,Gironniera nervosa,5.98,2.21,2.03,0.918552036,5.492941176,
Q1,19,D,04/23/19,23/4/2019,Leuconotis griffithii,3.1,2.85,2.54,0.89122807,2.762807018,
Q1,19,D,04/23/19,23/4/2019,Bhesa paniculata,21.24,4.53,4.12,0.909492274,19.31761589,
Q1,19,D,04/23/19,23/4/2019,Grewia laevigata,12.75,1.17,1.02,0.871794872,11.11538462,
Q1,19,D,04/23/19,23/4/2019,Xanthophyllum flavescens,17.61,1.42,1.29,0.908450704,15.9978169,
Q1,19,D,04/23/19,23/4/2019,Prunus polystachya,306.63,12.04,10.83,0.899501661,275.8141944,
Q10,19,W,04/23/19,23/4/2019,Alstonia pneumatophora,4.98,1.03,0.91,0.883495146,4.399805825,
Q10,19,W,04/23/19,23/4/2019,Elaeocarpus mastersii,3.6,0.75,0.67,0.893333333,3.216,
Q10,19,W,04/23/19,23/4/2019,Uncaria cordata,2.59,2.59,2.35,0.907335907,2.35,
Q10,19,W,04/23/19,23/4/2019,Timonius wallichianus,1.53,1.53,1.41,0.921568627,1.41,
Q10,19,W,04/23/19,23/4/2019,Dalbergia pseudo-sissoo,2.15,0.68,0.63,0.926470588,1.991911765,
Q10,19,W,04/23/19,23/4/2019,Aporosa frutescens,0.46,0.39,0.35,0.897435897,0.412820513,
Q10,19,W,04/23/19,23/4/2019,Myristica cinnamomea,2.41,1.17,1.06,0.905982906,2.183418803,
Q10,19,W,04/23/19,23/4/2019,Gluta wallichii,0.48,0.48,0.43,0.895833333,0.43,
Q10,19,W,04/23/19,23/4/2019,Bauhinia semibifida,13.65,0.6,0.45,0.75,10.2375,
Q10,19,W,04/23/19,23/4/2019,Grewia laevigata,3.61,1.17,1.04,0.888888889,3.208888889,
Q10,19,W,04/23/19,23/4/2019,Gynotroches axillaris,3.1,1.43,1.27,0.888111888,2.753146853,
Q10,19,W,04/23/19,23/4/2019,Xanthophyllum flavescens,2.49,1.88,1.7,0.904255319,2.251595745,
Q10,19,W,04/23/19,23/4/2019,Bhesa paniculata,3.24,3.24,2.88,0.888888889,2.88,
Q10,19,W,04/23/19,23/4/2019,Fissistigma latifolium var. ovoideum,5.47,3.12,2.8,0.897435897,4.908974359,
Q10,19,W,04/23/19,23/4/2019,Campnosperma squamatum,17.07,3.78,3.43,0.907407407,15.48944444,
Q3,19,W,04/23/19,23/4/2019,Lophopetalum multinervium,3.53,3.53,3.09,0.875354108,3.09,
Q3,19,W,04/23/19,23/4/2019,Madhuca tomentosa,9.77,4.58,3.95,0.862445415,8.426091703,
Q3,19,W,04/23/19,23/4/2019,Xanthophyllum flavescens,6.71,1.92,1.73,0.901041667,6.045989583,
Q3,19,W,04/23/19,23/4/2019,U52,2.04,2.04,1.84,0.901960784,1.84,
Q3,19,W,04/23/19,23/4/2019,U19,1.75,1.75,1.58,0.902857143,1.58,
Q3,19,W,04/23/19,23/4/2019,Myristica cinnamomea,1.44,1.44,1.25,0.868055556,1.25,
Q3,19,W,04/23/19,23/4/2019,Dalbergia pseudo-sissoo,0.5,0.5,0.44,0.88,0.44,
Q3,19,W,04/23/19,23/4/2019,Willughbeia coriacea,0.53,0.53,0.47,0.886792453,0.47,
Q3,19,W,04/23/19,23/4/2019,U36,1.28,1.28,1.15,0.8984375,1.15,
Q3,19,W,04/23/19,23/4/2019,Maasia glauca,3.39,1.98,1.78,0.898989899,3.047575758,
Q3,19,W,04/23/19,23/4/2019,U45,1.41,1.41,1.28,0.907801418,1.28,
Q3,19,W,04/23/19,23/4/2019,U16,12.73,2.06,1.77,0.859223301,10.93791262,
Q3,19,W,04/23/19,23/4/2019,U42,2.66,1.64,1.47,0.896341463,2.384268293,
Q3,19,W,04/23/19,23/4/2019,U43,4.95,0.97,0.86,0.886597938,4.388659794,
Q3,19,W,04/23/19,23/4/2019,Sterculia cordata,14.53,3.96,3.58,0.904040404,13.13570707,
Q4,20,W,04/23/19,23/4/2019,U36,1.03,1.03,0.91,0.883495146,0.91,
Q4,20,W,04/23/19,23/4/2019,Gynotroches axillaris,0.26,0.26,0.23,0.884615385,0.23,
Q4,20,W,04/23/19,23/4/2019,Dalbergia pseudo-sissoo,1.53,0.91,0.81,0.89010989,1.361868132,
Q4,20,W,04/23/19,23/4/2019,U16,5.21,1.67,1.44,0.862275449,4.49245509,
Q4,20,W,04/23/19,23/4/2019,Lophopetalum multinervium,10.32,4.91,4.35,0.885947047,9.142973523,
Q4,20,W,04/23/19,23/4/2019,Aporosa falcifera,3.18,2.07,1.84,0.888888889,2.826666667,
Q4,20,W,04/23/19,23/4/2019,Myristica cinnamomea,0.87,0.87,0.79,0.908045977,0.79,
Q4,20,W,04/23/19,23/4/2019,Madhuca tomentosa,6.91,3.77,3.33,0.883289125,6.103527851,
Q4,20,W,04/23/19,23/4/2019,Xanthophyllum flavescens,5.82,2.35,2.12,0.90212766,5.250382979,
Q4,20,W,04/23/19,23/4/2019,U42,2.47,1.55,1.35,0.870967742,2.151290323,
Q4,20,W,04/23/19,23/4/2019,U27,9.66,1.45,1.28,0.882758621,8.527448276,
Q4,20,W,04/23/19,23/4/2019,U45,30.38,5.39,4.85,0.899814471,27.33636364,
Q6,21,W,04/29/19,29/4/2019,Pometia pinnata,8.31,1.32,1.04,0.787878788,6.547272727,
Q6,21,W,04/29/19,29/4/2019,Bauhinia semibifida,0.82,0.82,0.72,0.87804878,0.72,
Q6,21,W,04/29/19,29/4/2019,Gluta wallichii,1.53,1.53,1.35,0.882352941,1.35,
Q6,21,W,04/29/19,29/4/2019,Lophopetalum multinervium,0.2,0.2,0.17,0.85,0.17,
Q6,21,W,04/29/19,29/4/2019,Willughbeia coriacea,1.86,1.86,1.47,0.790322581,1.47,
Q6,21,W,04/29/19,29/4/2019,U28,0.44,0.44,0.38,0.863636364,0.38,
Q6,21,W,04/29/19,29/4/2019,U49,1.61,1.61,1.44,0.894409938,1.44,
Q6,21,W,04/29/19,29/4/2019,U48,2.55,1.92,1.65,0.859375,2.19140625,
Q6,21,W,04/29/19,29/4/2019,Artocarpus kemando,51.4,1.71,1.07,0.625730994,32.1625731,
Q6,21,W,04/29/19,29/4/2019,U55,12.13,3.04,2.58,0.848684211,10.29453947,
Q6,21,W,04/29/19,29/4/2019,U52,46.13,5.48,2.44,0.445255474,20.53963504,
Q6,21,W,04/29/19,29/4/2019,Diospyros maingayi,20.66,4.56,2.93,0.64254386,13.27495614,
Q6,21,W,04/29/19,29/4/2019,Madhuca tomentosa,22.46,3.45,2.63,0.762318841,17.12168116,
Q6,21,W,04/29/19,29/4/2019,Campnosperma squamatum,21.23,8.71,5.06,0.580941447,12.33338691,
Q9,20,W,04/29/19,29/4/2019,U30,3.21,1.2,1.06,0.883333333,2.8355,
Q9,20,W,04/29/19,29/4/2019,U48,1.94,1.36,1.21,0.889705882,1.726029412,
Q9,20,W,04/29/19,29/4/2019,Bauhinia semibifida,0.27,0.27,0.23,0.851851852,0.23,
Q9,20,W,04/29/19,29/4/2019,Gynotroches axillaris,0.53,0.53,0.47,0.886792453,0.47,
Q9,20,W,04/29/19,29/4/2019,Pometia pinnata,0.53,0.53,0.47,0.886792453,0.47,
Q9,20,W,04/29/19,29/4/2019,Madhuca tomentosa,0.56,0.56,0.49,0.875,0.49,
Q9,20,W,04/29/19,29/4/2019,Dalbergia pseudo-sissoo,12.49,0.97,0.72,0.742268041,9.270927835,
Q9,20,W,04/29/19,29/4/2019,Artocarpus kemando,2.72,1.47,1.3,0.884353741,2.405442177,
Q9,20,W,04/29/19,29/4/2019,U28,2.9,2.6,2.15,0.826923077,2.398076923,
Q9,20,W,04/29/19,29/4/2019,Lophopetalum multinervium,12.56,4.58,3.9,0.851528384,10.69519651,
Q9,20,W,04/29/19,29/4/2019,Gluta wallichii,24.49,3.63,3.17,0.873278237,21.38658402,
Q9,20,W,04/29/19,29/4/2019,Campnosperma squamatum,18.09,5.6,4.67,0.833928571,15.08576786,
Q9,20,W,04/29/19,29/4/2019,Shorea,47.47,4.68,2.91,0.621794872,29.51660256,
Q213,20,D,04/29/19,29/4/2019,Gironniera nervosa,8.45,1.4,1.25,0.892857143,7.544642857,
Q213,20,D,04/29/19,29/4/2019,Calophyllum tetrapterum var. tetrapterum,5.49,0.57,0.41,0.719298246,3.948947368,
Q213,20,D,04/29/19,29/4/2019,Timonius wallichianus,2.94,1.04,0.95,0.913461538,2.685576923,
Q213,20,D,04/29/19,29/4/2019,Grewia laevigata,0.03,0.03,0.02,0.666666667,0.02,
Q213,20,D,04/29/19,29/4/2019,Aporosa frutescens,5.08,0.58,0.46,0.793103448,4.028965517,
Q213,20,D,04/29/19,29/4/2019,Litsea firma,1.3,1.02,0.89,0.87254902,1.134313725,
Q213,20,D,04/29/19,29/4/2019,Rhodamnia cinerea,7.36,0.85,0.69,0.811764706,5.974588235,
Q213,20,D,04/29/19,29/4/2019,Archidendron clypearia,23.3,0.91,0.44,0.483516484,11.26593407,
Q213,20,D,04/29/19,29/4/2019,U34,1.85,1.26,1.13,0.896825397,1.659126984,
Q213,20,D,04/29/19,29/4/2019,Agelaea borneensis,1.73,0.69,0.63,0.913043478,1.579565217,
Q213,20,D,04/29/19,29/4/2019,Iodes ovalis,0.62,0.24,0.23,0.958333333,0.594166667,
Q213,20,D,04/29/19,29/4/2019,Prunus polystachya,49.34,11.99,10.26,0.855713094,42.22088407,
Q213,20,D,04/29/19,29/4/2019,Pentace triptera,39.52,3.68,2.53,0.6875,27.17,
Q213,20,D,04/29/19,29/4/2019,Dysoxylum cauliflorum,7.33,2.1,1.61,0.766666667,5.619666667,
Q213,20,D,04/29/19,29/4/2019,Smilax setosa,20.86,6.69,5.77,0.862481315,17.99136024,
Q107,21,D,04/29/19,29/4/2019,Adenanthera malayana,30.76,0.68,0.26,0.382352941,11.76117647,
Q107,21,D,04/29/19,29/4/2019,Grewia laevigata,9.32,0.96,0.76,0.791666667,7.378333333,
Q107,21,D,04/29/19,29/4/2019,U54,5.18,0.75,0.67,0.893333333,4.627466667,
Q107,21,D,04/29/19,29/4/2019,U47,0.31,0.31,0.28,0.903225806,0.28,
Q107,21,D,04/29/19,29/4/2019,Gironniera nervosa,2.75,1.9,1.71,0.9,2.475,
Q107,21,D,04/29/19,29/4/2019,Bauhinia semibifida,3.82,0.65,0.33,0.507692308,1.939384615,
Q107,21,D,04/29/19,29/4/2019,Iodes ovalis,0.07,0.07,0.07,1,0.07,
Q107,21,D,04/29/19,29/4/2019,U19,11.9,2.48,1.84,0.741935484,8.829032258,
Q107,21,D,04/29/19,29/4/2019,Buchanania sessifolia,0.56,0.46,0.41,0.891304348,0.499130435,
Q107,21,D,04/29/19,29/4/2019,Strychnos,12.99,0.89,0.6,0.674157303,8.757303371,
Q107,21,D,04/29/19,29/4/2019,Nothaphoebe umbelliflora,6.72,3.15,2.78,0.882539683,5.930666667,
Q107,21,D,04/29/19,29/4/2019,Willughbeia coriacea,2.33,2.08,1.83,0.879807692,2.049951923,
Q107,21,D,04/29/19,29/4/2019,U40,3.97,1.22,0.96,0.786885246,3.123934426,
Q107,21,D,04/29/19,29/4/2019,U38,1.99,0.34,0.2,0.588235294,1.170588235,
Q107,21,D,04/29/19,29/4/2019,Fissistigma latifolium var. ovoideum,3.57,2.93,2.61,0.890784983,3.180102389,
Q107,21,D,04/29/19,29/4/2019,U29,6.48,1.56,1.41,0.903846154,5.856923077,
Q107,21,D,04/29/19,29/4/2019,Aporosa prainiana,19.31,2.06,1.31,0.63592233,12.27966019,
Q408,20,D,04/29/19,29/4/2019,Rhodamnia cinerea,8.6,1.27,1.11,0.874015748,7.516535433,
Q408,20,D,04/29/19,29/4/2019,U33,8.05,1.71,1.2,0.701754386,5.649122807,
Q408,20,D,04/29/19,29/4/2019,Derris amoena,0.85,0.74,0.64,0.864864865,0.735135135,
Q408,20,D,04/29/19,29/4/2019,Timonius wallichianus,5.3,1.48,1.26,0.851351351,4.512162162,
Q408,20,D,04/29/19,29/4/2019,Aporosa frutescens,1.14,0.61,0.53,0.868852459,0.990491803,
Q408,20,D,04/29/19,29/4/2019,Gironniera nervosa,18.14,2.98,1.49,0.5,9.07,
Q408,20,D,04/29/19,29/4/2019,Prunus polystachya,1.8,1.8,1.58,0.877777778,1.58,
Q408,20,D,04/29/19,29/4/2019,Leuconotis griffithii,13.6,3.23,2.7,0.835913313,11.36842105,
Q408,20,D,04/29/19,29/4/2019,Fissistigma latifolium var. ovoideum,10.38,3.88,2.78,0.716494845,7.437216495,
Q408,20,D,04/29/19,29/4/2019,U44,14.91,5.8,4.86,0.837931034,12.49355172,
Q408,20,D,04/29/19,29/4/2019,U13,1.55,1.55,1.32,0.851612903,1.32,
Q408,20,D,04/29/19,29/4/2019,U59,108.35,2.91,2.44,0.838487973,90.85017182,
Q408,20,D,04/29/19,29/4/2019,Lithocarpus ewyckii,27.88,1.16,0.99,0.853448276,23.79413793,
Q405,20,D,5/6/2019,6/5/2019,Gironniera nervosa,0.23,0.23,0.21,0.913043478,0.21,
Q405,20,D,5/6/2019,6/5/2019,Pternandra echinata,1.19,0.58,0.49,0.844827586,1.005344828,
Q405,20,D,5/6/2019,6/5/2019,Rhodamnia cinerea,1.26,0.83,0.72,0.86746988,1.093012048,
Q405,20,D,5/6/2019,6/5/2019,Archidendron clypearia,4.12,0.38,0.34,0.894736842,3.686315789,
Q405,20,D,5/6/2019,6/5/2019,Uncaria cordata,2.4,2.4,2.17,0.904166667,2.17,
Q405,20,D,5/6/2019,6/5/2019,Aporosa frutescens,0.19,0.19,0.17,0.894736842,0.17,
Q405,20,D,5/6/2019,6/5/2019,Elaeocarpus stipularis,3.61,1.05,0.94,0.895238095,3.231809524,
Q405,20,D,5/6/2019,6/5/2019,U41,2.03,0.41,0.35,0.853658537,1.732926829,
Q405,20,D,5/6/2019,6/5/2019,Timonius wallichianus,2.99,1.15,1.02,0.886956522,2.652,
Q405,20,D,5/6/2019,6/5/2019,Agelaea borneensis,0.73,0.73,0.65,0.890410959,0.65,
Q405,20,D,5/6/2019,6/5/2019,Grewia laevigata,0.67,0.64,0.57,0.890625,0.59671875,
Q405,20,D,5/6/2019,6/5/2019,Litsea firma,0.82,0.58,0.52,0.896551724,0.735172414,
Q405,20,D,5/6/2019,6/5/2019,Xanthophyllum flavescens,4.47,2.09,1.88,0.899521531,4.020861244,
Q405,20,D,5/6/2019,6/5/2019,Bauhinia semibifida,35.35,0.74,0.65,0.878378378,31.05067568,
Q405,20,D,5/6/2019,6/5/2019,Lindera lucida,6.07,3.75,3.31,0.882666667,5.357786667,
Q405,20,D,5/6/2019,6/5/2019,Bhesa paniculata,16.11,5.31,4.73,0.890772128,14.35033898,
Q405,20,D,5/6/2019,6/5/2019,Prunus polystachya,102.83,14.57,12.97,0.890185312,91.53775566,
Q3,20,W,5/6/2019,6/5/2019,Dalbergia pseudo-sissoo,0.6,0.6,0.58,0.966666667,0.58,
Q3,20,W,5/6/2019,6/5/2019,Myristica cinnamomea,1.87,1.3,1.18,0.907692308,1.697384615,
Q3,20,W,5/6/2019,6/5/2019,U43,2.59,0.84,0.72,0.857142857,2.22,
Q3,20,W,5/6/2019,6/5/2019,Bhesa paniculata,0.14,0.14,0.12,0.857142857,0.12,
Q3,20,W,5/6/2019,6/5/2019,Lophopetalum multinervium,1.68,1.68,1.48,0.880952381,1.48,
Q3,20,W,5/6/2019,6/5/2019,Maasia glauca,4.97,1.81,1.67,0.922651934,4.58558011,
Q3,20,W,5/6/2019,6/5/2019,U16,6.24,2.16,1.94,0.898148148,5.604444444,
Q3,20,W,5/6/2019,6/5/2019,Madhuca tomentosa,10.14,2.91,2.56,0.879725086,8.920412371,
Q3,20,W,5/6/2019,6/5/2019,Sterculia cordata,1.85,1.85,1.69,0.913513514,1.69,
Q3,20,W,5/6/2019,6/5/2019,Xanthophyllum flavescens,3.11,1.85,1.67,0.902702703,2.807405405,
Q3,20,W,5/6/2019,6/5/2019,U19,5.24,1.81,1.62,0.895027624,4.689944751,
Q3,20,W,5/6/2019,6/5/2019,U42,2.24,1.77,1.51,0.853107345,1.910960452,
Q4,21,W,5/6/2019,6/5/2019,U35,0.52,0.52,0.46,0.884615385,0.46,
Q4,21,W,5/6/2019,6/5/2019,Vatica pauciflora ,0.32,0.32,0.29,0.90625,0.29,
Q4,21,W,5/6/2019,6/5/2019,Dalbergia pseudo-sissoo,0.2,0.2,0.17,0.85,0.17,
Q4,21,W,5/6/2019,6/5/2019,U16,4.88,1.37,1.2,0.875912409,4.274452555,
Q4,21,W,5/6/2019,6/5/2019,Lophopetalum multinervium,4.92,4.92,4.37,0.888211382,4.37,
Q4,21,W,5/6/2019,6/5/2019,Madhuca tomentosa,1.15,1.15,1.02,0.886956522,1.02,
Q4,21,W,5/6/2019,6/5/2019,Gynotroches axillaris,0.29,0.29,0.27,0.931034483,0.27,
Q4,21,W,5/6/2019,6/5/2019,Xanthophyllum flavescens,5.59,2,1.81,0.905,5.05895,
Q4,21,W,5/6/2019,6/5/2019,Myristica cinnamomea,1.21,1.09,0.99,0.908256881,1.098990826,
Q4,21,W,5/6/2019,6/5/2019,U42,0.62,0.62,0.57,0.919354839,0.57,
Q4,21,W,5/6/2019,6/5/2019,Aporosa falcifera,1.66,1.66,1.5,0.903614458,1.5,
Q4,21,W,5/6/2019,6/5/2019,Pometia pinnata,0.84,0.84,0.75,0.892857143,0.75,
Q4,21,W,5/6/2019,6/5/2019,U36,0.41,0.41,0.37,0.902439024,0.37,
Q4,21,W,5/6/2019,6/5/2019,U27,8.01,1.24,1.08,0.870967742,6.976451613,
Q4,21,W,5/6/2019,6/5/2019,U45,18.64,3.26,2.97,0.911042945,16.98184049,
Q1,20,D,5/6/2019,6/5/2019,Canarium pilosum,3.73,1.71,1.52,0.888888889,3.315555556,
Q1,20,D,5/6/2019,6/5/2019,U2,5.98,0.94,0.79,0.840425532,5.025744681,
Q1,20,D,5/6/2019,6/5/2019,Timonius wallichianus,5.21,1.36,1.22,0.897058824,4.673676471,
Q1,20,D,5/6/2019,6/5/2019,Pternandra echinata,2.1,0.63,0.55,0.873015873,1.833333333,
Q1,20,D,5/6/2019,6/5/2019,Leuconotis griffithii,3.6,3.6,3.19,0.886111111,3.19,
Q1,20,D,5/6/2019,6/5/2019,Bauhinia semibifida,0.36,0.36,0.32,0.888888889,0.32,
Q1,20,D,5/6/2019,6/5/2019,Agelaea borneensis,0.97,0.81,0.75,0.925925926,0.898148148,
Q1,20,D,5/6/2019,6/5/2019,Uncaria cordata,0.23,0.23,0.19,0.826086957,0.19,
Q1,20,D,5/6/2019,6/5/2019,Iodes velutina,0.93,0.93,0.83,0.892473118,0.83,
Q1,20,D,5/6/2019,6/5/2019,U31,1.19,1.19,1.05,0.882352941,1.05,
Q1,20,D,5/6/2019,6/5/2019,U55,1.19,1.19,1.02,0.857142857,1.02,
Q1,20,D,5/6/2019,6/5/2019,U51,2.3,1.79,1.59,0.888268156,2.04301676,
Q1,20,D,5/6/2019,6/5/2019,Grewia laevigata,6.05,1.42,1.24,0.873239437,5.283098592,
Q1,20,D,5/6/2019,6/5/2019,Xanthophyllum flavescens,15.42,1.99,1.77,0.889447236,13.71527638,
Q1,20,D,5/6/2019,6/5/2019,Aporosa frutescens,9.17,0.66,0.58,0.878787879,8.058484848,
Q1,20,D,5/6/2019,6/5/2019,Gironniera nervosa,6.42,1.98,1.77,0.893939394,5.739090909,
Q1,20,D,5/6/2019,6/5/2019,Bhesa paniculata,12.56,3.67,3.29,0.896457766,11.25950954,
Q1,20,D,5/6/2019,6/5/2019,Prunus polystachya,100.47,8.63,7.71,0.893395133,89.75940904,
Q10,20,W,5/6/2019,6/5/2019,Bauhinia semibifida,13.81,1.15,0.75,0.652173913,9.006521739,
Q10,20,W,5/6/2019,6/5/2019,Myristica cinnamomea,5.28,1.37,1.23,0.897810219,4.740437956,
Q10,20,W,5/6/2019,6/5/2019,Gynotroches axillaris,4.57,1.84,1.61,0.875,3.99875,
Q10,20,W,5/6/2019,6/5/2019,Xanthophyllum flavescens,1.51,1.51,1.36,0.900662252,1.36,
Q10,20,W,5/6/2019,6/5/2019,U55,7.62,4.23,3.62,0.855791962,6.521134752,
Q10,20,W,5/6/2019,6/5/2019,Uncaria cordata,10.31,4.3,3.81,0.886046512,9.135139535,
Q10,20,W,5/6/2019,6/5/2019,Bhesa paniculata,0.51,0.51,0.46,0.901960784,0.46,
Q10,20,W,5/6/2019,6/5/2019,Grewia laevigata,2.93,1.21,1.06,0.876033058,2.56677686,
Q10,20,W,5/6/2019,6/5/2019,Derris amoena,0.52,0.52,0.47,0.903846154,0.47,
Q10,20,W,5/6/2019,6/5/2019,Aporosa frutescens,1,0.67,0.6,0.895522388,0.895522388,
Q10,20,W,5/6/2019,6/5/2019,Alstonia pneumatophora,5.02,1.27,0.91,0.716535433,3.597007874,
Q10,20,W,5/6/2019,6/5/2019,Dalbergia pseudo-sissoo,2.22,1.23,1.11,0.902439024,2.003414634,
Q10,20,W,5/6/2019,6/5/2019,Elaeocarpus mastersii,7.19,0.83,0.71,0.855421687,6.150481928,
Q10,20,W,5/6/2019,6/5/2019,Fissistigma latifolium var. ovoideum,10.1,4.18,3.72,0.889952153,8.988516746,
Q10,20,W,5/6/2019,6/5/2019,Campnosperma squamatum,37.53,6.98,4.62,0.661891117,24.84077364,
Q9,21,W,05/14/19,14/5/2019,Pometia pinnata,2.49,1.09,0.95,0.871559633,2.170183486,
Q9,21,W,05/14/19,14/5/2019,Madhuca tomentosa,0.46,0.46,0.41,0.891304348,0.41,
Q9,21,W,05/14/19,14/5/2019,Bauhinia semibifida,0.46,0.46,0.4,0.869565217,0.4,
Q9,21,W,05/14/19,14/5/2019,U55,0.93,0.93,0.81,0.870967742,0.81,
Q9,21,W,05/14/19,14/5/2019,U48,2.04,2.04,1.81,0.887254902,1.81,
Q9,21,W,05/14/19,14/5/2019,Artocarpus kemando,0.57,0.57,0.53,0.929824561,0.53,
Q9,21,W,05/14/19,14/5/2019,Shorea,4.49,2.16,1.47,0.680555556,3.055694444,including 1 U28 (0.40)
Q9,21,W,05/14/19,14/5/2019,Dalbergia pseudo-sissoo,7.96,0.9,0.81,0.9,7.164,
Q9,21,W,05/14/19,14/5/2019,U28,3.13,3.13,2.7,0.862619808,2.7,
Q9,21,W,05/14/19,14/5/2019,U30,5.66,1.57,1.36,0.866242038,4.902929936,
Q9,21,W,05/14/19,14/5/2019,Campnosperma squamatum,20,3.26,2.81,0.86196319,17.2392638,
Q9,21,W,05/14/19,14/5/2019,Gluta wallichii,8.06,3.4,3.05,0.897058824,7.230294118,
Q9,21,W,05/14/19,14/5/2019,Lophopetalum multinervium,9.8,6.26,5.52,0.881789137,8.641533546,
Q6,22,W,05/14/19,14/5/2019,Leuconotis griffithii,0.51,0.51,0.44,0.862745098,0.44,
Q6,22,W,05/14/19,14/5/2019,Vatica pauciflora ,0.77,0.77,0.68,0.883116883,0.68,
Q6,22,W,05/14/19,14/5/2019,Willughbeia coriacea,0.46,0.46,0.41,0.891304348,0.41,
Q6,22,W,05/14/19,14/5/2019,Sterculia cordata,0.28,0.28,0.26,0.928571429,0.26,
Q6,22,W,05/14/19,14/5/2019,Diospyros maingayi,8.81,3.49,2.8,0.802292264,7.068194842,
Q6,22,W,05/14/19,14/5/2019,U16,0.74,0.74,0.66,0.891891892,0.66,
Q6,22,W,05/14/19,14/5/2019,Gluta wallichii,1.11,1.11,0.98,0.882882883,0.98,
Q6,22,W,05/14/19,14/5/2019,Bauhinia semibifida,0.43,0.43,0.39,0.906976744,0.39,
Q6,22,W,05/14/19,14/5/2019,Pometia pinnata,11.2,2.12,1.31,0.617924528,6.920754717,
Q6,22,W,05/14/19,14/5/2019,U48,1.54,1.54,1.36,0.883116883,1.36,
Q6,22,W,05/14/19,14/5/2019,U55,0.62,0.62,0.54,0.870967742,0.54,
Q6,22,W,05/14/19,14/5/2019,Artocarpus kemando,32.92,1.82,1.26,0.692307692,22.79076923,
Q6,22,W,05/14/19,14/5/2019,Madhuca tomentosa,8.26,3.44,2.46,0.715116279,5.906860465,
Q6,22,W,05/14/19,14/5/2019,U56,19.01,6.84,5.99,0.875730994,16.6476462,
Q6,22,W,05/14/19,14/5/2019,U49,1.71,1.71,1.51,0.883040936,1.51,
Q6,22,W,05/14/19,14/5/2019,Campnosperma squamatum,14.84,4.86,4.51,0.927983539,13.77127572,
Q6,22,W,05/14/19,14/5/2019,U52,6.18,2.64,2.38,0.901515152,5.571363636,
Q213,21,D,05/14/19,14/5/2019,Litsea firma,0.43,0.43,0.3,0.697674419,0.3,
Q213,21,D,05/14/19,14/5/2019,U54,0.44,0.44,0.38,0.863636364,0.38,
Q213,21,D,05/14/19,14/5/2019,U49,0.37,0.37,0.34,0.918918919,0.34,
Q213,21,D,05/14/19,14/5/2019,Iodes ovalis,0.63,0.32,0.28,0.875,0.55125,
Q213,21,D,05/14/19,14/5/2019,Archidendron clypearia,11.09,0.76,0.41,0.539473684,5.982763158,
Q213,21,D,05/14/19,14/5/2019,Calophyllum tetrapterum var. tetrapterum,3.78,0.92,0.53,0.576086957,2.177608696,
Q213,21,D,05/14/19,14/5/2019,Timonius wallichianus,3.92,1.16,0.93,0.801724138,3.142758621,
Q213,21,D,05/14/19,14/5/2019,Leuconotis griffithii,0.77,0.77,0.62,0.805194805,0.62,
Q213,21,D,05/14/19,14/5/2019,Rhodamnia cinerea,9.01,0.85,0.72,0.847058824,7.632,
Q213,21,D,05/14/19,14/5/2019,Aporosa frutescens,58.97,1.07,0.91,0.85046729,50.15205607,
Q213,21,D,05/14/19,14/5/2019,Prunus polystachya,58.13,8.81,5.99,0.679909194,39.52312145,
Q213,21,D,05/14/19,14/5/2019,Agelaea borneensis,6.48,1.35,1.06,0.785185185,5.088,
Q213,21,D,05/14/19,14/5/2019,Smilax setosa,21.62,3.48,3.06,0.879310345,19.01068966,
Q213,21,D,05/14/19,14/5/2019,Gironniera nervosa,11.27,2.1,1.4,0.666666667,7.513333333,
Q213,21,D,05/14/19,14/5/2019,Dysoxylum cauliflorum,7.56,1.75,1.59,0.908571429,6.8688,
Q213,21,D,05/14/19,14/5/2019,Pentace triptera,13.43,3.22,2.49,0.773291925,10.38531056,
Q107,22,D,05/14/19,14/5/2019,Willughbeia coriacea,5.61,3.02,1.93,0.639072848,3.585198675,
Q107,22,D,05/14/19,14/5/2019,Iodes ovalis,0.33,0.33,0.29,0.878787879,0.29,
Q107,22,D,05/14/19,14/5/2019,U54,6.24,0.87,0.77,0.885057471,5.522758621,
Q107,22,D,05/14/19,14/5/2019,U38,3.81,0.23,0.22,0.956521739,3.644347826,
Q107,22,D,05/14/19,14/5/2019,Buchanania sessifolia,0.55,0.55,0.5,0.909090909,0.5,
Q107,22,D,05/14/19,14/5/2019,Gironniera nervosa,13.76,3.92,1.66,0.423469388,5.826938776,
Q107,22,D,05/14/19,14/5/2019,U47,0.23,0.23,0.23,1,0.23,
Q107,22,D,05/14/19,14/5/2019,U49,1.52,1.52,1.36,0.894736842,1.36,
Q107,22,D,05/14/19,14/5/2019,Bauhinia semibifida,1.91,0.63,0.37,0.587301587,1.121746032,
Q107,22,D,05/14/19,14/5/2019,Strychnos,6.1,0.72,0.63,0.875,5.3375,
Q107,22,D,05/14/19,14/5/2019,Grewia laevigata,14.04,1.25,0.85,0.68,9.5472,
Q107,22,D,05/14/19,14/5/2019,U9,1.17,1.17,0.89,0.760683761,0.89,
Q107,22,D,05/14/19,14/5/2019,Nothaphoebe umbelliflora,5.7,2.51,1.71,0.6812749,3.883266932,
Q107,22,D,05/14/19,14/5/2019,U53,4.18,1.43,1.14,0.797202797,3.332307692,
Q107,22,D,05/14/19,14/5/2019,Fissistigma latifolium var. ovoideum,18.67,4.88,2.9,0.594262295,11.09487705,
Q107,22,D,05/14/19,14/5/2019,U29,5.62,2.23,2.03,0.910313901,5.115964126,
Q107,22,D,05/14/19,14/5/2019,U19,19.3,2.03,1.97,0.97044335,18.72955665,
Q107,22,D,05/14/19,14/5/2019,Aporosa prainiana,18.93,1.33,0.93,0.69924812,13.23676692,
Q107,22,D,05/14/19,14/5/2019,U57,7.95,2.7,1.71,0.633333333,5.035,
Q107,22,D,05/14/19,14/5/2019,Adenanthera malayana,42.36,1,0.46,0.46,19.4856,
Q408,21,D,05/14/19,14/5/2019,Timonius wallichianus,4.7,1.97,1.49,0.756345178,3.554822335,
Q408,21,D,05/14/19,14/5/2019,Rhodamnia cinerea,6.4,1.49,1.17,0.785234899,5.025503356,
Q408,21,D,05/14/19,14/5/2019,Derris amoena,1.76,0.93,0.83,0.892473118,1.570752688,
Q408,21,D,05/14/19,14/5/2019,U41,0.35,0.31,0.28,0.903225806,0.316129032,
Q408,21,D,05/14/19,14/5/2019,Pentace triptera,0.84,0.84,0.73,0.869047619,0.73,
Q408,21,D,05/14/19,14/5/2019,U33,0.93,0.93,0.8,0.860215054,0.8,
Q408,21,D,05/14/19,14/5/2019,Aporosa frutescens,0.85,0.6,0.54,0.9,0.765,
Q408,21,D,05/14/19,14/5/2019,U59,12.71,3.83,2.64,0.689295039,8.760939948,
Q408,21,D,05/14/19,14/5/2019,Fissistigma latifolium var. ovoideum,11.05,3.98,2.55,0.640703518,7.079773869,
Q408,21,D,05/14/19,14/5/2019,Leuconotis griffithii,24.13,4.08,2.87,0.703431373,16.97379902,
Q408,21,D,05/14/19,14/5/2019,Lithocarpus ewyckii,15.7,1.26,1.15,0.912698413,14.32936508,
Q408,21,D,05/14/19,14/5/2019,Gironniera nervosa,12.53,1.27,1.05,0.826771654,10.35944882,
Q408,21,D,05/14/19,14/5/2019,U44,11.83,4.55,4.09,0.898901099,10.634,
Q408,21,D,05/14/19,14/5/2019,Prunus polystachya,3.43,3.43,3.03,0.883381924,3.03,
Q405,21,D,05/21/19,21/5/2019,Grewia laevigata,1.22,0.99,0.88,0.888888889,1.084444444,
Q405,21,D,05/21/19,21/5/2019,Archidendron clypearia,3.96,0.41,0.38,0.926829268,3.670243902,
Q405,21,D,05/21/19,21/5/2019,Timonius wallichianus,1.35,1.05,0.94,0.895238095,1.208571429,
Q405,21,D,05/21/19,21/5/2019,Rhodamnia cinerea,3.15,0.7,0.61,0.871428571,2.745,
Q405,21,D,05/21/19,21/5/2019,Litsea firma,1.94,0.74,0.66,0.891891892,1.73027027,
Q405,21,D,05/21/19,21/5/2019,U41,4.27,0.5,0.42,0.84,3.5868,
Q405,21,D,05/21/19,21/5/2019,Lindera lucida,7.81,3.06,2.71,0.885620915,6.916699346,
Q405,21,D,05/21/19,21/5/2019,Elaeocarpus stipularis,4.73,0.96,0.88,0.916666667,4.335833333,
Q405,21,D,05/21/19,21/5/2019,Bauhinia semibifida,45.5,1.16,0.77,0.663793103,30.20258621,
Q405,21,D,05/21/19,21/5/2019,Agelaea borneensis,2.07,1.42,1.29,0.908450704,1.880492958,
Q405,21,D,05/21/19,21/5/2019,Pternandra echinata,0.25,0.25,0.22,0.88,0.22,
Q405,21,D,05/21/19,21/5/2019,Xanthophyllum flavescens,2.12,1.39,1.28,0.920863309,1.952230216,
Q405,21,D,05/21/19,21/5/2019,Prunus polystachya,64.46,9.67,8.64,0.893485005,57.59404343,
Q405,21,D,05/21/19,21/5/2019,Bhesa paniculata,14.93,6.01,5.4,0.898502496,13.41464226,
Q405,21,D,05/21/19,21/5/2019,Uncaria cordata,6.58,6.58,5.93,0.901215805,5.93,
Q1,21,D,05/21/19,21/5/2019,Timonius wallichianus,5.83,1.27,1.16,0.913385827,5.32503937,
Q1,21,D,05/21/19,21/5/2019,Bauhinia semibifida,0.88,0.54,0.48,0.888888889,0.782222222,
Q1,21,D,05/21/19,21/5/2019,Canarium pilosum,3.27,1.57,1.41,0.898089172,2.936751592,
Q1,21,D,05/21/19,21/5/2019,U57,0.66,0.66,0.6,0.909090909,0.6,
Q1,21,D,05/21/19,21/5/2019,U2,6.38,1.3,1.12,0.861538462,5.496615385,
Q1,21,D,05/21/19,21/5/2019,Iodes velutina,1.56,1.02,0.93,0.911764706,1.422352941,
Q1,21,D,05/21/19,21/5/2019,Pternandra echinata,2.91,0.55,0.5,0.909090909,2.645454545,
Q1,21,D,05/21/19,21/5/2019,U55,2.04,2.04,1.79,0.87745098,1.79,
Q1,21,D,05/21/19,21/5/2019,Agelaea borneensis,1.84,10.51,1.39,0.132254995,0.243349191,
Q1,21,D,05/21/19,21/5/2019,Aporosa frutescens,17.77,0.46,0.41,0.891304348,15.83847826,
Q1,21,D,05/21/19,21/5/2019,Leuconotis griffithii,6.07,3.17,2.74,0.864353312,5.246624606,
Q1,21,D,05/21/19,21/5/2019,U51,1.67,1.52,1.04,0.684210526,1.142631579,
Q1,21,D,05/21/19,21/5/2019,Xanthophyllum flavescens,11.18,1.55,1.42,0.916129032,10.24232258,
Q1,21,D,05/21/19,21/5/2019,Gironniera nervosa,9.78,2.18,1.98,0.908256881,8.882752294,
Q1,21,D,05/21/19,21/5/2019,Grewia laevigata,9.44,1.13,1.01,0.89380531,8.437522124,
Q1,21,D,05/21/19,21/5/2019,Bhesa paniculata,18.37,4.08,3.65,0.894607843,16.43394608,
Q1,21,D,05/21/19,21/5/2019,Prunus polystachya,18.53,5.82,5.23,0.89862543,16.65152921,
Q10,21,W,05/21/19,21/5/2019,Pternandra echinata,0.09,0.09,0.06,0.666666667,0.06,
Q10,21,W,05/21/19,21/5/2019,Derris amoena,0.19,0.19,0.15,0.789473684,0.15,
Q10,21,W,05/21/19,21/5/2019,U54,0.69,0.34,0.32,0.941176471,0.649411765,
Q10,21,W,05/21/19,21/5/2019,Gynotroches axillaris,3.09,1.41,1.28,0.907801418,2.805106383,
Q10,21,W,05/21/19,21/5/2019,Aporosa frutescens,1.17,0.47,0.42,0.893617021,1.045531915,
Q10,21,W,05/21/19,21/5/2019,Alstonia pneumatophora,5.45,1.12,0.78,0.696428571,3.795535714,
Q10,21,W,05/21/19,21/5/2019,Elaeocarpus mastersii,5.45,0.91,0.82,0.901098901,4.910989011,
Q10,21,W,05/21/19,21/5/2019,Dalbergia pseudo-sissoo,2.96,1.01,0.86,0.851485149,2.52039604,
Q10,21,W,05/21/19,21/5/2019,Myristica cinnamomea,1.94,0.93,0.85,0.913978495,1.77311828,
Q10,21,W,05/21/19,21/5/2019,Bauhinia semibifida,23.59,1.16,0.87,0.75,17.6925,
Q10,21,W,05/21/19,21/5/2019,U57,1.07,1.07,1.01,0.943925234,1.01,
Q10,21,W,05/21/19,21/5/2019,Xanthophyllum flavescens,0.19,0.19,0.17,0.894736842,0.17,
Q10,21,W,05/21/19,21/5/2019,Uncaria cordata,4.32,3.25,2.89,0.889230769,3.841476923,
Q10,21,W,05/21/19,21/5/2019,Grewia laevigata,2.47,1.23,1.08,0.87804878,2.168780488,
Q10,21,W,05/21/19,21/5/2019,Bhesa paniculata,1.88,1.88,1.69,0.89893617,1.69,
Q10,21,W,05/21/19,21/5/2019,U55,4.1,2.44,2.11,0.864754098,3.545491803,
Q10,21,W,05/21/19,21/5/2019,Madhuca tomentosa,0.98,0.98,0.87,0.887755102,0.87,
Q10,21,W,05/21/19,21/5/2019,Fissistigma latifolium var. ovoideum,10.74,3.83,3.4,0.88772846,9.534203655,
Q10,21,W,05/21/19,21/5/2019,Campnosperma squamatum,41.73,5.61,4.02,0.71657754,29.90278075,
Q3,21,W,05/21/19,21/5/2019,Dalbergia pseudo-sissoo,0.37,0.37,0.34,0.918918919,0.34,
Q3,21,W,05/21/19,21/5/2019,Xanthophyllum flavescens,1.12,1.12,1.02,0.910714286,1.02,
Q3,21,W,05/21/19,21/5/2019,Myristica cinnamomea,2.18,0.94,0.85,0.904255319,1.971276596,
Q3,21,W,05/21/19,21/5/2019,Madhuca tomentosa,3.36,2.56,2.28,0.890625,2.9925,
Q3,21,W,05/21/19,21/5/2019,U16,6.99,2.06,1.85,0.898058252,6.277427184,
Q3,21,W,05/21/19,21/5/2019,U52,0.42,0.42,0.38,0.904761905,0.38,
Q3,21,W,05/21/19,21/5/2019,Lophopetalum multinervium,2.98,2.98,2.63,0.882550336,2.63,
Q3,21,W,05/21/19,21/5/2019,U43,6.44,1.26,1.03,0.817460317,5.264444444,
Q3,21,W,05/21/19,21/5/2019,Maasia glauca,3.07,1.77,1.61,0.90960452,2.792485876,
Q3,21,W,05/21/19,21/5/2019,U36,2.28,2.28,2.04,0.894736842,2.04,
Q3,21,W,05/21/19,21/5/2019,U42,3.08,2.34,2.1,0.897435897,2.764102564,
Q3,21,W,05/21/19,21/5/2019,U19,5.14,3.86,3.37,0.873056995,4.487512953,
Q3,21,W,05/21/19,21/5/2019,Sterculia cordata,12.33,3.6,3.2,0.888888889,10.96,
Q4,22,W,05/21/19,21/5/2019,U42,0.72,0.72,0.64,0.888888889,0.64,
Q4,22,W,05/21/19,21/5/2019,U16,6.69,1.49,1.32,0.88590604,5.926711409,
Q4,22,W,05/21/19,21/5/2019,U36,1.05,1.05,0.94,0.895238095,0.94,
Q4,22,W,05/21/19,21/5/2019,Myristica cinnamomea,0.62,0.62,0.56,0.903225806,0.56,
Q4,22,W,05/21/19,21/5/2019,Bauhinia semibifida,0.76,0.76,0.67,0.881578947,0.67,
Q4,22,W,05/21/19,21/5/2019,Vatica pauciflora ,0.49,0.49,0.46,0.93877551,0.46,
Q4,22,W,05/21/19,21/5/2019,U27,4.14,1.4,1.27,0.907142857,3.755571429,
Q4,22,W,05/21/19,21/5/2019,Aporosa falcifera,0.46,0.46,0.41,0.891304348,0.41,
Q4,22,W,05/21/19,21/5/2019,Dalbergia pseudo-sissoo,0.57,0.57,0.51,0.894736842,0.51,
Q4,22,W,05/21/19,21/5/2019,Lophopetalum multinervium,13.28,5.69,5.1,0.896309315,11.9029877,
Q4,22,W,05/21/19,21/5/2019,Xanthophyllum flavescens,3.44,1.58,1.45,0.917721519,3.156962025,
Q4,22,W,05/21/19,21/5/2019,U45,3.81,3.66,3.31,0.904371585,3.445655738,
Q4,22,W,05/21/19,21/5/2019,Madhuca tomentosa,5.17,5.17,4.63,0.895551257,4.63,
Q6,23,W,05/28/19,28/5/2019,U41,2.44,0.5,0.44,0.88,2.1472,
Q6,23,W,05/28/19,28/5/2019,U49,0.55,0.55,0.51,0.927272727,0.51,
Q6,23,W,05/28/19,28/5/2019,U48,0.78,0.78,0.72,0.923076923,0.72,
Q6,23,W,05/28/19,28/5/2019,U28,0.61,0.61,0.55,0.901639344,0.55,
Q6,23,W,05/28/19,28/5/2019,Diospyros maingayi,9.78,3.59,3.17,0.883008357,8.635821727,
Q6,23,W,05/28/19,28/5/2019,Willughbeia coriacea,1.1,1.1,1,0.909090909,1,
Q6,23,W,05/28/19,28/5/2019,U55,0.98,0.98,0.84,0.857142857,0.84,
Q6,23,W,05/28/19,28/5/2019,Artocarpus kemando,15.17,1.1,0.98,0.890909091,13.51509091,
Q6,23,W,05/28/19,28/5/2019,U52,2.31,2.31,2.07,0.896103896,2.07,
Q6,23,W,05/28/19,28/5/2019,Madhuca tomentosa,7.78,2.87,2.62,0.912891986,7.102299652,
Q6,23,W,05/28/19,28/5/2019,Fake madhuca,3.2,3.2,2.9,0.90625,2.9,
Q6,23,W,05/28/19,28/5/2019,Pometia pinnata,10.15,1.28,1.14,0.890625,9.03984375,
Q6,23,W,05/28/19,28/5/2019,U56,11.91,11.91,10.67,0.89588581,10.67,
Q6,23,W,05/28/19,28/5/2019,Campnosperma squamatum,14.95,3.81,3.81,1,14.95,
Q9,22,W,05/28/19,28/5/2019,Bauhinia semibifida,0.93,0.71,0.63,0.887323944,0.825211268,
Q9,22,W,05/28/19,28/5/2019,U30,0.93,0.93,0.81,0.870967742,0.81,
Q9,22,W,05/28/19,28/5/2019,U28,0.79,0.79,0.68,0.860759494,0.68,
Q9,22,W,05/28/19,28/5/2019,Madhuca tomentosa,0.27,0.27,0.22,0.814814815,0.22,
Q9,22,W,05/28/19,28/5/2019,U49,0.35,0.35,0.24,0.685714286,0.24,
Q9,22,W,05/28/19,28/5/2019,U48,0.69,0.69,0.61,0.884057971,0.61,
Q9,22,W,05/28/19,28/5/2019,Gynotroches axillaris,0.86,0.86,0.75,0.872093023,0.75,
Q9,22,W,05/28/19,28/5/2019,Pometia pinnata,1.45,0.6,0.53,0.883333333,1.280833333,
Q9,22,W,05/28/19,28/5/2019,Artocarpus kemando,1.48,1.22,1.09,0.893442623,1.322295082,
Q9,22,W,05/28/19,28/5/2019,Dalbergia pseudo-sissoo,5.8,1.24,1.11,0.89516129,5.191935484,
Q9,22,W,05/28/19,28/5/2019,Lophopetalum multinervium,5.06,4.21,3.74,0.888361045,4.495106888,
Q9,22,W,05/28/19,28/5/2019,Shorea,2.91,2.45,2.19,0.893877551,2.601183673,
Q9,22,W,05/28/19,28/5/2019,Gluta wallichii,6.73,4.14,3.7,0.893719807,6.0147343,
Q9,22,W,05/28/19,28/5/2019,Campnosperma squamatum,11.58,4.61,4.11,0.89154013,10.32403471,
Q9,22,W,05/28/19,28/5/2019,U56,2.56,2.56,2.28,0.890625,2.28,
Q107,23,D,05/28/19,28/5/2019,U54,1.87,0.57,0.52,0.912280702,1.705964912,
Q107,23,D,05/28/19,28/5/2019,U49,0.34,0.34,0.3,0.882352941,0.3,
Q107,23,D,05/28/19,28/5/2019,Strychnos,4.95,0.81,0.69,0.851851852,4.216666667,
Q107,23,D,05/28/19,28/5/2019,Bauhinia semibifida,1.28,0.58,0.52,0.896551724,1.147586207,
Q107,23,D,05/28/19,28/5/2019,U9,0.91,0.91,0.81,0.89010989,0.81,
Q107,23,D,05/28/19,28/5/2019,Buchanania sessifolia,0.26,0.26,0.24,0.923076923,0.24,
Q107,23,D,05/28/19,28/5/2019,Iodes ovalis,0.15,0.15,0.14,0.933333333,0.14,
Q107,23,D,05/28/19,28/5/2019,Willughbeia coriacea,1.86,1.86,1.66,0.892473118,1.66,
Q107,23,D,05/28/19,28/5/2019,U53,3.91,1.22,1.13,0.926229508,3.621557377,
Q107,23,D,05/28/19,28/5/2019,U38,7.33,0.25,0.24,0.96,7.0368,
Q107,23,D,05/28/19,28/5/2019,U47,0.72,0.72,0.65,0.902777778,0.65,
Q107,23,D,05/28/19,28/5/2019,U57,2.3,2.3,2.13,0.926086957,2.13,
Q107,23,D,05/28/19,28/5/2019,Adenanthera malayana,18.75,0.37,0.22,0.594594595,11.14864865,
Q107,23,D,05/28/19,28/5/2019,Gironniera nervosa,3.83,1.84,1.66,0.902173913,3.455326087,
Q107,23,D,05/28/19,28/5/2019,Nothaphoebe umbelliflora,9.97,2.13,1.91,0.896713615,8.940234742,
Q107,23,D,05/28/19,28/5/2019,U40,1.92,1.92,1.42,0.739583333,1.42,
Q107,23,D,05/28/19,28/5/2019,Grewia laevigata,10.83,1.45,1.29,0.889655172,9.634965517,
Q107,23,D,05/28/19,28/5/2019,U29,2.64,2.28,2.08,0.912280702,2.408421053,
Q107,23,D,05/28/19,28/5/2019,Fissistigma latifolium var. ovoideum,11.03,3.2,2.89,0.903125,9.96146875,
Q107,23,D,05/28/19,28/5/2019,U19,11.68,1.8,1.62,0.9,10.512,
Q107,23,D,05/28/19,28/5/2019,Aporosa prainiana,6.29,1.29,1.14,0.88372093,5.558604651,
Q213,22,D,05/28/19,28/5/2019,Rhodamnia cinerea,2.34,0.65,0.56,0.861538462,2.016,
Q213,22,D,05/28/19,28/5/2019,U54,0.75,0.43,0.4,0.930232558,0.697674419,
Q213,22,D,05/28/19,28/5/2019,U57,0.79,0.79,0.75,0.949367089,0.75,
Q213,22,D,05/28/19,28/5/2019,Calophyllum tetrapterum var. tetrapterum,7.99,0.68,0.55,0.808823529,6.4625,
Q213,22,D,05/28/19,28/5/2019,Iodes ovalis,0.54,0.25,0.23,0.92,0.4968,
Q213,22,D,05/28/19,28/5/2019,U34,0.26,0.26,0.23,0.884615385,0.23,
Q213,22,D,05/28/19,28/5/2019,Archidendron clypearia,3.13,0.3,0.28,0.933333333,2.921333333,
Q213,22,D,05/28/19,28/5/2019,Timonius wallichianus,1.17,0.68,0.62,0.911764706,1.066764706,
Q213,22,D,05/28/19,28/5/2019,Aporosa frutescens,0.4,0.4,0.36,0.9,0.36,
Q213,22,D,05/28/19,28/5/2019,Pentace triptera,0.78,0.78,0.69,0.884615385,0.69,
Q213,22,D,05/28/19,28/5/2019,Agelaea borneensis,1.51,0.89,0.83,0.93258427,1.408202247,
Q213,22,D,05/28/19,28/5/2019,Dysoxylum cauliflorum,1.77,1.18,1.07,0.906779661,1.605,
Q213,22,D,05/28/19,28/5/2019,Litsea firma,4.14,1.46,1.27,0.869863014,3.601232877,
Q213,22,D,05/28/19,28/5/2019,Gironniera nervosa,3.64,1.89,1.68,0.888888889,3.235555556,
Q213,22,D,05/28/19,28/5/2019,Prunus polystachya,37.34,10.33,9.2,0.890609874,33.2553727,
Q213,22,D,05/28/19,28/5/2019,Smilax setosa,23.71,6.27,5.64,0.899521531,21.3276555,
Q408,22,D,05/28/19,28/5/2019,U33,2.37,1.72,1.53,0.889534884,2.108197674,
Q408,22,D,05/28/19,28/5/2019,Rhodamnia cinerea,6.44,0.9,0.8,0.888888889,5.724444444,
Q408,22,D,05/28/19,28/5/2019,U41,0.22,0.22,0.18,0.818181818,0.18,
Q408,22,D,05/28/19,28/5/2019,Prunus polystachya,0.75,0.75,0.68,0.906666667,0.68,
Q408,22,D,05/28/19,28/5/2019,Derris amoena,1.05,0.67,0.6,0.895522388,0.940298507,
Q408,22,D,05/28/19,28/5/2019,Aporosa frutescens,0.78,0.68,0.62,0.911764706,0.711176471,
Q408,22,D,05/28/19,28/5/2019,Timonius wallichianus,3.23,1.42,1.27,0.894366197,2.888802817,
Q408,22,D,05/28/19,28/5/2019,Gironniera nervosa,8,1.71,1.55,0.906432749,7.251461988,
Q408,22,D,05/28/19,28/5/2019,Lithocarpus ewyckii,27.79,1.04,0.95,0.913461538,25.38509615,
Q408,22,D,05/28/19,28/5/2019,U59,12.13,3.32,2.78,0.837349398,10.15704819,
Q408,22,D,05/28/19,28/5/2019,U44,3.48,3.48,3.13,0.899425287,3.13,
Q408,22,D,05/28/19,28/5/2019,Fissistigma latifolium var. ovoideum,4.65,3.39,3.07,0.90560472,4.211061947,
Q408,22,D,05/28/19,28/5/2019,Leuconotis griffithii,10.47,2.18,1.9,0.871559633,9.125229358,
Q1,22,D,6/3/2019,3/6/2019,Uncaria cordata,0.56,0.56,0.51,0.910714286,0.51,
Q1,22,D,6/3/2019,3/6/2019,Bauhinia semibifida,1.12,1.01,0.91,0.900990099,1.009108911,
Q1,22,D,6/3/2019,3/6/2019,Agelaea borneensis,0.34,0.34,0.31,0.911764706,0.31,
Q1,22,D,6/3/2019,3/6/2019,U31,0.36,0.36,0.33,0.916666667,0.33,
Q1,22,D,6/3/2019,3/6/2019,U55,0.44,0.44,0.39,0.886363636,0.39,
Q1,22,D,6/3/2019,3/6/2019,Leuconotis griffithii,2.11,2.11,1.91,0.90521327,1.91,
Q1,22,D,6/3/2019,3/6/2019,Iodes velutina,1.63,1.21,1.09,0.900826446,1.468347107,
Q1,22,D,6/3/2019,3/6/2019,U2,3.44,0.77,0.68,0.883116883,3.037922078,
Q1,22,D,6/3/2019,3/6/2019,U51,0.97,0.97,0.9,0.927835052,0.9,
Q1,22,D,6/3/2019,3/6/2019,Aporosa frutescens,0.92,0.46,0.42,0.913043478,0.84,
Q1,22,D,6/3/2019,3/6/2019,Grewia laevigata,4.61,0.91,0.81,0.89010989,4.103406593,
Q1,22,D,6/3/2019,3/6/2019,Pternandra echinata,2.87,0.67,0.6,0.895522388,2.570149254,
Q1,22,D,6/3/2019,3/6/2019,Timonius wallichianus,4.65,1.35,1.25,0.925925926,4.305555556,
Q1,22,D,6/3/2019,3/6/2019,Canarium pilosum,5.48,2.41,2.19,0.908713693,4.979751037,
Q1,22,D,6/3/2019,3/6/2019,Prunus polystachya,3.68,3.68,3.36,0.913043478,3.36,
Q1,22,D,6/3/2019,3/6/2019,Gironniera nervosa,8.85,1.81,1.66,0.917127072,8.116574586,
Q1,22,D,6/3/2019,3/6/2019,Xanthophyllum flavescens,10.11,1.87,1.71,0.914438503,9.244973262,
Q1,22,D,6/3/2019,3/6/2019,Bhesa paniculata,30.52,4.21,3.83,0.909738717,27.76522565,
Q10,22,W,6/3/2019,3/6/2019,Timonius wallichianus,0.44,0.44,0.4,0.909090909,0.4,
Q10,22,W,6/3/2019,3/6/2019,Gironniera nervosa,0.5,0.5,0.45,0.9,0.45,
Q10,22,W,6/3/2019,3/6/2019,Myristica cinnamomea,1.75,1.48,1.34,0.905405405,1.584459459,
Q10,22,W,6/3/2019,3/6/2019,Gynotroches axillaris,2.8,1.13,1.01,0.89380531,2.502654867,
Q10,22,W,6/3/2019,3/6/2019,Aporosa frutescens,0.51,0.44,0.39,0.886363636,0.452045455,
Q10,22,W,6/3/2019,3/6/2019,Pternandra echinata,0.12,0.12,0.04,0.333333333,0.04,
Q10,22,W,6/3/2019,3/6/2019,Grewia laevigata,2.28,1.07,0.97,0.906542056,2.066915888,
Q10,22,W,6/3/2019,3/6/2019,Dalbergia pseudo-sissoo,4.15,1.22,1.09,0.893442623,3.707786885,
Q10,22,W,6/3/2019,3/6/2019,Derris amoena,0.35,0.35,0.32,0.914285714,0.32,
Q10,22,W,6/3/2019,3/6/2019,U9,0.63,0.63,0.59,0.936507937,0.59,
Q10,22,W,6/3/2019,3/6/2019,Alstonia pneumatophora,3.34,1.09,0.88,0.80733945,2.696513761,
Q10,22,W,6/3/2019,3/6/2019,U55,2.69,2.69,2.41,0.895910781,2.41,
Q10,22,W,6/3/2019,3/6/2019,Elaeocarpus mastersii,4.85,0.8,0.72,0.9,4.365,
Q10,22,W,6/3/2019,3/6/2019,Bauhinia semibifida,27.04,2.47,0.66,0.267206478,7.225263158,
Q10,22,W,6/3/2019,3/6/2019,Bhesa paniculata,3.46,3.46,3.18,0.919075145,3.18,
Q10,22,W,6/3/2019,3/6/2019,Uncaria cordata,4.38,4.38,4.04,0.922374429,4.04,
Q10,22,W,6/3/2019,3/6/2019,Campnosperma squamatum,21.71,5.27,3.99,0.75711575,16.43698292,
Q10,22,W,6/3/2019,3/6/2019,Fissistigma latifolium var. ovoideum,12.66,5.08,4.63,0.911417323,11.53854331,
Q3,22,W,6/3/2019,3/6/2019,Sterculia cordata,24.82,3.09,2.83,0.915857605,22.73158576,
Q3,22,W,6/3/2019,3/6/2019,Dalbergia pseudo-sissoo,0.12,0.12,0.11,0.916666667,0.11,
Q3,22,W,6/3/2019,3/6/2019,U36,0.32,0.32,0.3,0.9375,0.3,
Q3,22,W,6/3/2019,3/6/2019,Lophopetalum multinervium,1.6,1.6,1.45,0.90625,1.45,
Q3,22,W,6/3/2019,3/6/2019,Maasia glauca,1.65,1.65,1.53,0.927272727,1.53,
Q3,22,W,6/3/2019,3/6/2019,Xanthophyllum flavescens,0.7,0.7,0.66,0.942857143,0.66,
Q3,22,W,6/3/2019,3/6/2019,U42,1.89,1.89,1.74,0.920634921,1.74,
Q3,22,W,6/3/2019,3/6/2019,Madhuca tomentosa,4.89,3.35,2.99,0.892537313,4.364507463,
Q3,22,W,6/3/2019,3/6/2019,Myristica cinnamomea,5.6,1.47,1.34,0.911564626,5.104761905,
Q3,22,W,6/3/2019,3/6/2019,U43,2.6,0.89,0.81,0.91011236,2.366292135,
Q3,22,W,6/3/2019,3/6/2019,U16,4.76,2.62,2.39,0.91221374,4.342137405,
Q3,22,W,6/3/2019,3/6/2019,U19,3.94,2.24,2.06,0.919642857,3.623392857,
Q4,23,W,6/3/2019,3/6/2019,Madhuca tomentosa,0.91,0.91,0.81,0.89010989,0.81,
Q4,23,W,6/3/2019,3/6/2019,U28,1.29,1.29,1.16,0.899224806,1.16,
Q4,23,W,6/3/2019,3/6/2019,U45,1.66,1.66,1.52,0.915662651,1.52,
Q4,23,W,6/3/2019,3/6/2019,Aporosa falcifera,0.65,0.65,0.58,0.892307692,0.58,
Q4,23,W,6/3/2019,3/6/2019,Dalbergia pseudo-sissoo,0.75,0.75,0.66,0.88,0.66,
Q4,23,W,6/3/2019,3/6/2019,Iodes velutina,0.47,0.47,0.23,0.489361702,0.23,
Q4,23,W,6/3/2019,3/6/2019,Bauhinia semibifida,0.57,0.57,0.41,0.719298246,0.41,
Q4,23,W,6/3/2019,3/6/2019,Lophopetalum multinervium,5.36,5.15,4.7,0.912621359,4.891650485,
Q4,23,W,6/3/2019,3/6/2019,U16,2.44,1.63,1.5,0.920245399,2.245398773,
Q4,23,W,6/3/2019,3/6/2019,U42,1.61,1.61,1.45,0.900621118,1.45,
Q4,23,W,6/3/2019,3/6/2019,U27,2.08,0.99,0.89,0.898989899,1.86989899,
Q4,23,W,6/3/2019,3/6/2019,Xanthophyllum flavescens,10.26,2.62,2.43,0.927480916,9.515954198,
Q4,23,W,6/3/2019,3/6/2019,U36,3.8,3.8,3.52,0.926315789,3.52,
Q405,22,D,6/3/2019,3/6/2019,Litsea firma,1.37,0.68,0.61,0.897058824,1.228970588,
Q405,22,D,6/3/2019,3/6/2019,Pternandra echinata,0.15,0.15,0.14,0.933333333,0.14,
Q405,22,D,6/3/2019,3/6/2019,Grewia laevigata,1.2,0.83,0.75,0.903614458,1.084337349,
Q405,22,D,6/3/2019,3/6/2019,Agelaea borneensis,1.13,0.75,0.68,0.906666667,1.024533333,
Q405,22,D,6/3/2019,3/6/2019,Prunus polystachya,3.72,3.72,3.38,0.908602151,3.38,
Q405,22,D,6/3/2019,3/6/2019,Uncaria cordata,5.04,5.04,4.62,0.916666667,4.62,
Q405,22,D,6/3/2019,3/6/2019,Lindera lucida,2.69,2.69,2.43,0.903345725,2.43,
Q405,22,D,6/3/2019,3/6/2019,Rhodamnia cinerea,0.13,0.13,0.1,0.769230769,0.1,
Q405,22,D,6/3/2019,3/6/2019,Archidendron clypearia,2.35,0.41,0.34,0.829268293,1.948780488,
Q405,22,D,6/3/2019,3/6/2019,U41,1.3,0.4,0.35,0.875,1.1375,
Q405,22,D,6/3/2019,3/6/2019,Gironniera nervosa,2.22,2.22,2.08,0.936936937,2.08,
Q405,22,D,6/3/2019,3/6/2019,Xanthophyllum flavescens,0.74,0.74,0.69,0.932432432,0.69,
Q405,22,D,6/3/2019,3/6/2019,Aporosa frutescens,0.51,0.51,0.47,0.921568627,0.47,
Q405,22,D,6/3/2019,3/6/2019,Timonius wallichianus,2.08,1.77,1.67,0.943502825,1.962485876,
Q405,22,D,6/3/2019,3/6/2019,Bhesa paniculata,12.46,6.21,5.63,0.906602254,11.29626409,
Q405,22,D,6/3/2019,3/6/2019,Bauhinia semibifida,57.88,1.47,0.68,0.462585034,26.77442177,
Q405,22,D,6/3/2019,3/6/2019,Elaeocarpus stipularis,10.12,0.95,0.93,0.978947368,9.906947368,
Q6,24,W,6/11/2019,11/6/2019,Sterculia cordata,0.26,0.26,0.25,0.961538462,0.25,
Q6,24,W,6/11/2019,11/6/2019,Bauhinia semibifida,0.37,0.37,0.33,0.891891892,0.33,
Q6,24,W,6/11/2019,11/6/2019,Dalbergia pseudo-sissoo,0.22,0.22,0.21,0.954545455,0.21,
Q6,24,W,6/11/2019,11/6/2019,Lophopetalum multinervium,0.58,0.58,0.51,0.879310345,0.51,
Q6,24,W,6/11/2019,11/6/2019,U52,1,1,0.92,0.92,0.92,
Q6,24,W,6/11/2019,11/6/2019,U48,1.67,1.67,1.52,0.910179641,1.52,
Q6,24,W,6/11/2019,11/6/2019,U41,3.35,0.47,0.42,0.893617021,2.993617021,
Q6,24,W,6/11/2019,11/6/2019,U49,0.9,0.9,0.83,0.922222222,0.83,
Q6,24,W,6/11/2019,11/6/2019,U56,0.59,0.59,0.56,0.949152542,0.56,
Q6,24,W,6/11/2019,11/6/2019,U16,0.25,0.25,0.23,0.92,0.23,
Q6,24,W,6/11/2019,11/6/2019,Madhuca tomentosa,17.18,3.32,2.93,0.88253012,15.16186747,
Q6,24,W,6/11/2019,11/6/2019,Diospyros maingayi,15.39,3.92,3.26,0.831632653,12.79882653,
Q6,24,W,6/11/2019,11/6/2019,Artocarpus kemando,18.98,1.2,1.08,0.9,17.082,
Q6,24,W,6/11/2019,11/6/2019,Pometia pinnata,11.29,1.22,1.12,0.918032787,10.36459016,
Q6,24,W,6/11/2019,11/6/2019,Campnosperma squamatum,16.03,3.58,3.23,0.902234637,14.46282123,
Q9,23,W,6/11/2019,11/6/2019,Madhuca tomentosa,0.89,0.89,0.79,0.887640449,0.79,
Q9,23,W,6/11/2019,11/6/2019,Bauhinia semibifida,0.96,0.96,0.88,0.916666667,0.88,
Q9,23,W,6/11/2019,11/6/2019,U30,2.49,1.8,1.63,0.905555556,2.254833333,
Q9,23,W,6/11/2019,11/6/2019,Gynotroches axillaris,0.29,0.29,0.24,0.827586207,0.24,
Q9,23,W,6/11/2019,11/6/2019,Pometia pinnata,1.77,0.84,0.74,0.880952381,1.559285714,
Q9,23,W,6/11/2019,11/6/2019,U48,0.15,0.15,0.13,0.866666667,0.13,
Q9,23,W,6/11/2019,11/6/2019,Dalbergia pseudo-sissoo,5.09,0.68,0.63,0.926470588,4.715735294,
Q9,23,W,6/11/2019,11/6/2019,Artocarpus kemando,1.48,1.48,1.34,0.905405405,1.34,
Q9,23,W,6/11/2019,11/6/2019,U28,1.52,1.52,1.37,0.901315789,1.37,
Q9,23,W,6/11/2019,11/6/2019,Shorea,2.95,2.68,2.39,0.891791045,2.630783582,
Q9,23,W,6/11/2019,11/6/2019,Lophopetalum multinervium,6.92,6.92,6.17,0.891618497,6.17,
Q9,23,W,6/11/2019,11/6/2019,Gluta wallichii,5.37,3.65,3.32,0.909589041,4.884493151,
Q9,23,W,6/11/2019,11/6/2019,Campnosperma squamatum,20.94,6.86,5.08,0.740524781,15.50658892,
Q107,24,D,6/11/2019,11/6/2019,U53,0.61,0.61,0.56,0.918032787,0.56,
Q107,24,D,6/11/2019,11/6/2019,U29,1.55,1.44,1.32,0.916666667,1.420833333,
Q107,24,D,6/11/2019,11/6/2019,U9,0.53,0.53,0.48,0.905660377,0.48,
Q107,24,D,6/11/2019,11/6/2019,U40,2.31,1.51,1.42,0.940397351,2.172317881,
Q107,24,D,6/11/2019,11/6/2019,Adenanthera malayana,20.94,0.65,0.3,0.461538462,9.664615385,
Q107,24,D,6/11/2019,11/6/2019,Strychnos,2.38,0.71,0.65,0.915492958,2.178873239,
Q107,24,D,6/11/2019,11/6/2019,Bauhinia semibifida,3.49,1.31,0.62,0.473282443,1.651755725,
Q107,24,D,6/11/2019,11/6/2019,U49,0.06,0.06,0.06,1,0.06,
Q107,24,D,6/11/2019,11/6/2019,U54,1.96,0.42,0.37,0.880952381,1.726666667,
Q107,24,D,6/11/2019,11/6/2019,Iodes ovalis,0.09,0.09,0.05,0.555555556,0.05,
Q107,24,D,6/11/2019,11/6/2019,Buchanania sessifolia,1.45,1.36,1.19,0.875,1.26875,
Q107,24,D,6/11/2019,11/6/2019,Willughbeia coriacea,3.6,2.23,1.99,0.892376682,3.212556054,
Q107,24,D,6/11/2019,11/6/2019,U38,3.04,0.3,0.3,1,3.04,
Q107,24,D,6/11/2019,11/6/2019,Nothaphoebe umbelliflora,5.61,2.89,2.41,0.833910035,4.678235294,
Q107,24,D,6/11/2019,11/6/2019,Fissistigma latifolium var. ovoideum,2.67,2.53,2.27,0.897233202,2.395612648,
Q107,24,D,6/11/2019,11/6/2019,Aporosa prainiana,5.24,1.51,1.36,0.900662252,4.719470199,
Q107,24,D,6/11/2019,11/6/2019,U57,1.52,1.52,1.39,0.914473684,1.39,
Q107,24,D,6/11/2019,11/6/2019,U19,8.33,1.65,1.48,0.896969697,7.471757576,
Q107,24,D,6/11/2019,11/6/2019,Grewia laevigata,9.95,1.01,0.89,0.881188119,8.767821782,
Q107,24,D,6/11/2019,11/6/2019,Gironniera nervosa,3.94,1.94,1.74,0.896907216,3.533814433,
Q213,23,D,6/11/2019,11/6/2019,Litsea firma,0.8,0.8,0.71,0.8875,0.71,
Q213,23,D,6/11/2019,11/6/2019,Timonius wallichianus,1.7,1.25,1.15,0.92,1.564,
Q213,23,D,6/11/2019,11/6/2019,Grewia laevigata,0.13,0.13,0.13,1,0.13,
Q213,23,D,6/11/2019,11/6/2019,Aporosa frutescens,1.1,1.02,0.93,0.911764706,1.002941176,
Q213,23,D,6/11/2019,11/6/2019,Elaeocarpus mastersii,0.06,0.06,0.06,1,0.06,
Q213,23,D,6/11/2019,11/6/2019,Archidendron clypearia,2.42,0.4,0.36,0.9,2.178,
Q213,23,D,6/11/2019,11/6/2019,Agelaea borneensis,1.37,1.13,1.03,0.911504425,1.248761062,
Q213,23,D,6/11/2019,11/6/2019,U54,0.31,0.31,0.3,0.967741935,0.3,
Q213,23,D,6/11/2019,11/6/2019,Rhodamnia cinerea,2.28,0.88,0.76,0.863636364,1.969090909,
Q213,23,D,6/11/2019,11/6/2019,Pentace triptera,0.68,0.68,0.59,0.867647059,0.59,
Q213,23,D,6/11/2019,11/6/2019,Iodes ovalis,0.43,0.23,0.2,0.869565217,0.373913043,
Q213,23,D,6/11/2019,11/6/2019,Calophyllum tetrapterum var. tetrapterum,14.34,0.62,0.55,0.887096774,12.72096774,
Q213,23,D,6/11/2019,11/6/2019,Prunus polystachya,11.19,11.19,10.1,0.9025916,10.1,
Q213,23,D,6/11/2019,11/6/2019,Smilax setosa,13.14,7.91,7.18,0.907711757,11.92733249,
Q213,23,D,6/11/2019,11/6/2019,Gironniera nervosa,3.68,1.94,1.75,0.902061856,3.319587629,
Q213,23,D,6/11/2019,11/6/2019,Dysoxylum cauliflorum,7.28,2.66,2.39,0.898496241,6.541052632,
Q408,23,D,6/11/2019,11/6/2019,Prunus polystachya,3.18,3.18,2.84,0.893081761,2.84,
Q408,23,D,6/11/2019,11/6/2019,Aporosa frutescens,0.38,0.38,0.35,0.921052632,0.35,
Q408,23,D,6/11/2019,11/6/2019,Derris amoena,1.05,0.8,0.73,0.9125,0.958125,
Q408,23,D,6/11/2019,11/6/2019,Timonius wallichianus,2.18,1.07,0.96,0.897196262,1.95588785,
Q408,23,D,6/11/2019,11/6/2019,Rhodamnia cinerea,4.08,1.16,1.02,0.879310345,3.587586207,
Q408,23,D,6/11/2019,11/6/2019,U33,1.35,1.35,1.16,0.859259259,1.16,
Q408,23,D,6/11/2019,11/6/2019,U44,3.06,3.06,2.77,0.905228758,2.77,
Q408,23,D,6/11/2019,11/6/2019,Fissistigma latifolium var. ovoideum,6.61,3.68,3.33,0.904891304,5.981331522,
Q408,23,D,6/11/2019,11/6/2019,U59,30.22,3.92,3.39,0.864795918,26.13413265,
Q408,23,D,6/11/2019,11/6/2019,Gironniera nervosa,5.87,1.87,1.71,0.914438503,5.367754011,
Q408,23,D,6/11/2019,11/6/2019,Lithocarpus ewyckii,48.47,1.4,1.24,0.885714286,42.93057143,
Q408,23,D,6/11/2019,11/6/2019,Leuconotis griffithii,16.46,4.32,3.76,0.87037037,14.3262963,
Q3,23,W,06/17/19,17/6/2019,U16,7.31,3.04,2.74,0.901315789,6.588618421,
Q3,23,W,06/17/19,17/6/2019,Sterculia cordata,0.81,0.81,0.75,0.925925926,0.75,
Q3,23,W,06/17/19,17/6/2019,Madhuca tomentosa,5.93,3.06,2.72,0.888888889,5.271111111,
Q3,23,W,06/17/19,17/6/2019,Xanthophyllum flavescens,0.6,0.6,0.54,0.9,0.54,
Q3,23,W,06/17/19,17/6/2019,Myristica cinnamomea,4.65,1.52,1.36,0.894736842,4.160526316,
Q3,23,W,06/17/19,17/6/2019,Lophopetalum multinervium,2.42,2.42,2.17,0.896694215,2.17,
Q3,23,W,06/17/19,17/6/2019,U36,0.65,0.65,0.59,0.907692308,0.59,
Q3,23,W,06/17/19,17/6/2019,Dalbergia pseudo-sissoo,1.34,0.68,0.61,0.897058824,1.202058824,
Q3,23,W,06/17/19,17/6/2019,Maasia glauca,2.14,1.69,1.54,0.911242604,1.950059172,
Q3,23,W,06/17/19,17/6/2019,U35,1.82,1.82,1.63,0.895604396,1.63,
Q3,23,W,06/17/19,17/6/2019,U19,0.66,0.66,0.59,0.893939394,0.59,
Q3,23,W,06/17/19,17/6/2019,Timonius wallichianus,0.26,0.26,0.23,0.884615385,0.23,
Q3,23,W,06/17/19,17/6/2019,U42,1.45,1.45,1.23,0.848275862,1.23,
Q3,23,W,06/17/19,17/6/2019,U43,5,1.11,1,0.900900901,4.504504505,
Q405,23,D,06/17/19,17/6/2019,Rhodamnia cinerea,0.44,0.44,0.38,0.863636364,0.38,
Q405,23,D,06/17/19,17/6/2019,Grewia laevigata,1.69,1.02,0.93,0.911764706,1.540882353,
Q405,23,D,06/17/19,17/6/2019,Agelaea borneensis,0.65,0.65,0.59,0.907692308,0.59,
Q405,23,D,06/17/19,17/6/2019,Gironniera nervosa,1,1,0.92,0.92,0.92,
Q405,23,D,06/17/19,17/6/2019,Uncaria cordata,4.72,4.72,4.3,0.911016949,4.3,
Q405,23,D,06/17/19,17/6/2019,Lindera lucida,4.1,2.93,2.57,0.877133106,3.596245734,
Q405,23,D,06/17/19,17/6/2019,Archidendron clypearia,2.76,0.43,0.39,0.906976744,2.503255814,
Q405,23,D,06/17/19,17/6/2019,Timonius wallichianus,1.88,1.27,1.16,0.913385827,1.717165354,
Q405,23,D,06/17/19,17/6/2019,Xanthophyllum flavescens,0.79,0.79,0.73,0.924050633,0.73,
Q405,23,D,06/17/19,17/6/2019,Pternandra echinata,0.36,0.31,0.27,0.870967742,0.313548387,
Q405,23,D,06/17/19,17/6/2019,U41,4.2,0.46,0.31,0.673913043,2.830434783,
Q405,23,D,06/17/19,17/6/2019,Litsea firma,0.77,0.68,0.63,0.926470588,0.713382353,
Q405,23,D,06/17/19,17/6/2019,Elaeocarpus stipularis,11.67,1.01,0.93,0.920792079,10.74564356,
Q405,23,D,06/17/19,17/6/2019,Bauhinia semibifida,40,0.95,0.85,0.894736842,35.78947368,
Q405,23,D,06/17/19,17/6/2019,Bhesa paniculata,15.6,4.75,4.26,0.896842105,13.99073684,
Q405,23,D,06/17/19,17/6/2019,Prunus polystachya,29.72,12.22,10.84,0.887070376,26.36373159,
Q10,23,W,06/17/19,17/6/2019,Aporosa frutescens,0.53,0.53,0.48,0.905660377,0.48,
Q10,23,W,06/17/19,17/6/2019,Myristica cinnamomea,3.2,1.27,1.14,0.897637795,2.872440945,
Q10,23,W,06/17/19,17/6/2019,Dalbergia pseudo-sissoo,1.5,0.6,0.54,0.9,1.35,
Q10,23,W,06/17/19,17/6/2019,Xanthophyllum flavescens,1.28,1.28,1.18,0.921875,1.18,
Q10,23,W,06/17/19,17/6/2019,Grewia laevigata,2.68,1.18,1.04,0.881355932,2.362033898,
Q10,23,W,06/17/19,17/6/2019,Alstonia pneumatophora,6.79,1.32,1.12,0.848484848,5.761212121,
Q10,23,W,06/17/19,17/6/2019,Elaeocarpus mastersii,6.19,0.83,0.67,0.807228916,4.996746988,
Q10,23,W,06/17/19,17/6/2019,Uncaria cordata,3.31,3.31,2.97,0.897280967,2.97,
Q10,23,W,06/17/19,17/6/2019,Bauhinia semibifida,14.35,0.76,0.68,0.894736842,12.83947368,
Q10,23,W,06/17/19,17/6/2019,U55,1.68,1.68,1.47,0.875,1.47,
Q10,23,W,06/17/19,17/6/2019,Gynotroches axillaris,4.15,2.16,1.94,0.898148148,3.727314815,
Q10,23,W,06/17/19,17/6/2019,Fissistigma latifolium var. ovoideum,8.41,5.27,4.63,0.878557875,7.388671727,
Q10,23,W,06/17/19,17/6/2019,Campnosperma squamatum,32.69,3.7,3.22,0.87027027,28.44913514,
Q4,24,W,06/17/19,17/6/2019,Aporosa falcifera,0.75,0.75,0.66,0.88,0.66,
Q4,24,W,06/17/19,17/6/2019,Lophopetalum multinervium,11.67,9.07,8.12,0.895259096,10.44767365,
Q4,24,W,06/17/19,17/6/2019,Madhuca tomentosa,1.35,1.35,1.22,0.903703704,1.22,
Q4,24,W,06/17/19,17/6/2019,Dalbergia pseudo-sissoo,0.31,0.31,0.29,0.935483871,0.29,
Q4,24,W,06/17/19,17/6/2019,U36,0.27,0.27,0.24,0.888888889,0.24,
Q4,24,W,06/17/19,17/6/2019,U19,0.08,0.08,0.07,0.875,0.07,
Q4,24,W,06/17/19,17/6/2019,Myristica cinnamomea,0.6,0.6,0.55,0.916666667,0.55,
Q4,24,W,06/17/19,17/6/2019,Bauhinia semibifida,0.8,0.8,0.69,0.8625,0.69,
Q4,24,W,06/17/19,17/6/2019,U16,3.74,1.73,1.55,0.895953757,3.350867052,
Q4,24,W,06/17/19,17/6/2019,Gynotroches axillaris,0.09,0.09,0.09,1,0.09,
Q4,24,W,06/17/19,17/6/2019,U45,0.4,0.4,0.38,0.95,0.38,
Q4,24,W,06/17/19,17/6/2019,Vatica pauciflora ,0.63,0.63,0.57,0.904761905,0.57,
Q4,24,W,06/17/19,17/6/2019,U42,0.85,0.85,0.75,0.882352941,0.75,
Q4,24,W,06/17/19,17/6/2019,U27,3.52,1.48,1.33,0.898648649,3.163243243,
Q4,24,W,06/17/19,17/6/2019,Pometia pinnata,0.6,0.6,0.53,0.883333333,0.53,
Q4,24,W,06/17/19,17/6/2019,Xanthophyllum flavescens,5.62,2.23,2.03,0.910313901,5.115964126,
Q1,23,D,06/17/19,17/6/2019,Leuconotis griffithii,0.58,0.58,0.51,0.879310345,0.51,
Q1,23,D,06/17/19,17/6/2019,Pternandra echinata,2.18,0.74,0.65,0.878378378,1.914864865,
Q1,23,D,06/17/19,17/6/2019,Fissistigma latifolium var. ovoideum,0.65,0.65,0.61,0.938461538,0.61,
Q1,23,D,06/17/19,17/6/2019,Aporosa frutescens,1.85,0.64,0.59,0.921875,1.70546875,
Q1,23,D,06/17/19,17/6/2019,Grewia laevigata,3.88,1.15,1.01,0.87826087,3.407652174,
Q1,23,D,06/17/19,17/6/2019,U51,0.8,0.8,0.73,0.9125,0.73,
Q1,23,D,06/17/19,17/6/2019,Iodes velutina,1.13,1.1,1.01,0.918181818,1.037545455,
Q1,23,D,06/17/19,17/6/2019,U2,8.21,2.35,1.3,0.553191489,4.541702128,
Q1,23,D,06/17/19,17/6/2019,Bauhinia semibifida,0.4,0.4,0.35,0.875,0.35,
Q1,23,D,06/17/19,17/6/2019,Canarium pilosum,1.23,1.23,1.12,0.910569106,1.12,
Q1,23,D,06/17/19,17/6/2019,Timonius wallichianus,4.73,1.61,1.45,0.900621118,4.259937888,
Q1,23,D,06/17/19,17/6/2019,Agelaea borneensis,3.01,1.67,1.53,0.916167665,2.757664671,
Q1,23,D,06/17/19,17/6/2019,Uncaria cordata,3.95,3.95,3.56,0.901265823,3.56,
Q1,23,D,06/17/19,17/6/2019,Bhesa paniculata,33.11,3.53,3.2,0.906515581,30.01473088,
Q1,23,D,06/17/19,17/6/2019,Gironniera nervosa,9.95,1.69,1.58,0.934911243,9.302366864,
Q1,23,D,06/17/19,17/6/2019,Xanthophyllum flavescens,9.33,1.78,1.58,0.887640449,8.281685393,
Q1,23,D,06/17/19,17/6/2019,Prunus polystachya,8.26,8.26,7.35,0.889830508,7.35,
Q6,25,W,06/25/19,25/6/2019,Pometia pinnata,10.81,1.43,1.29,0.902097902,9.751678322,
Q6,25,W,06/25/19,25/6/2019,Campnosperma squamatum,4.72,4.72,4.2,0.889830508,4.2,
Q6,25,W,06/25/19,25/6/2019,U56,7.68,7.68,6.73,0.876302083,6.73,
Q6,25,W,06/25/19,25/6/2019,Madhuca tomentosa,3.08,3.02,2.67,0.88410596,2.723046358,
Q6,25,W,06/25/19,25/6/2019,Sterculia cordata,0.27,0.27,0.25,0.925925926,0.25,
Q6,25,W,06/25/19,25/6/2019,Vatica pauciflora ,2.57,2.57,2.31,0.898832685,2.31,Fake madhuca
Q6,25,W,06/25/19,25/6/2019,Lophopetalum multinervium,1.69,1.69,1.51,0.893491124,1.51,
Q6,25,W,06/25/19,25/6/2019,Diospyros maingayi,14.21,4.92,4.05,0.823170732,11.6972561,
Q6,25,W,06/25/19,25/6/2019,Artocarpus kemando,8.22,1.6,1.41,0.88125,7.243875,
Q6,25,W,06/25/19,25/6/2019,Bauhinia semibifida,0.02,0.02,0.02,1,0.02,
Q6,25,W,06/25/19,25/6/2019,Pternandra echinata,0.03,0.03,0.01,0.333333333,0.01,
Q6,25,W,06/25/19,25/6/2019,U49,2.52,2.52,2.28,0.904761905,2.28,
Q6,25,W,06/25/19,25/6/2019,U48,0.77,0.77,0.7,0.909090909,0.7,
Q6,25,W,06/25/19,25/6/2019,U41,1.48,0.71,0.64,0.901408451,1.334084507,
Q9,24,W,06/25/19,25/6/2019,Gluta wallichii,9.62,4.87,4.32,0.887063655,8.533552361,
Q9,24,W,06/25/19,25/6/2019,Campnosperma squamatum,28.58,7.33,4.65,0.634379263,18.13055935,
Q9,24,W,06/25/19,25/6/2019,Shorea,1.62,1.62,1.47,0.907407407,1.47,
Q9,24,W,06/25/19,25/6/2019,U30,0.85,0.85,0.75,0.882352941,0.75,
Q9,24,W,06/25/19,25/6/2019,Pternandra echinata,0.32,0.32,0.28,0.875,0.28,
Q9,24,W,06/25/19,25/6/2019,Artocarpus kemando,2.2,1.74,1.57,0.902298851,1.985057471,
Q9,24,W,06/25/19,25/6/2019,Lophopetalum multinervium,6.24,6.24,5.6,0.897435897,5.6,
Q9,24,W,06/25/19,25/6/2019,Pometia pinnata,2.75,0.96,0.84,0.875,2.40625,
Q9,24,W,06/25/19,25/6/2019,U28,2.24,2.24,1.38,0.616071429,1.38,
Q9,24,W,06/25/19,25/6/2019,Dalbergia pseudo-sissoo,4.71,1.18,0.88,0.745762712,3.512542373,
Q9,24,W,06/25/19,25/6/2019,Bauhinia semibifida,0.12,0.12,0.11,0.916666667,0.11,
Q9,24,W,06/25/19,25/6/2019,Gynotroches axillaris,0.64,0.64,0.59,0.921875,0.59,
Q9,24,W,06/25/19,25/6/2019,U48,0.36,0.36,0.34,0.944444444,0.34,
Q107,25,D,06/25/19,25/6/2019,Gironniera nervosa,3.04,1.4,1.27,0.907142857,2.757714286,
Q107,25,D,06/25/19,25/6/2019,Nothaphoebe umbelliflora,4.5,2.44,2.16,0.885245902,3.983606557,
Q107,25,D,06/25/19,25/6/2019,U19,8.86,2.14,1.88,0.878504673,7.783551402,
Q107,25,D,06/25/19,25/6/2019,Buchanania sessifolia,1.75,0.9,0.79,0.877777778,1.536111111,
Q107,25,D,06/25/19,25/6/2019,U47,2.91,2.91,2.57,0.883161512,2.57,
Q107,25,D,06/25/19,25/6/2019,U57,0.5,0.5,0.55,1.1,0.55,??
Q107,25,D,06/25/19,25/6/2019,Fissistigma latifolium var. ovoideum,7.19,3.66,3.25,0.887978142,6.384562842,
Q107,25,D,06/25/19,25/6/2019,Iodes ovalis,0.56,0.48,0.41,0.854166667,0.478333333,
Q107,25,D,06/25/19,25/6/2019,U29,3.15,1.71,1.59,0.929824561,2.928947368,
Q107,25,D,06/25/19,25/6/2019,Bauhinia semibifida,2.88,1.41,1,0.709219858,2.042553191,
Q107,25,D,06/25/19,25/6/2019,Grewia laevigata,4.91,1.31,1.15,0.877862595,4.310305344,
Q107,25,D,06/25/19,25/6/2019,U49,0.23,0.23,0.19,0.826086957,0.19,
Q107,25,D,06/25/19,25/6/2019,Willughbeia coriacea,4.34,3.39,2.79,0.82300885,3.571858407,
Q107,25,D,06/25/19,25/6/2019,U53,2.52,1.14,1.08,0.947368421,2.387368421,
Q107,25,D,06/25/19,25/6/2019,Aporosa prainiana,3.83,1.49,1.35,0.906040268,3.470134228,
Q107,25,D,06/25/19,25/6/2019,U9,3.37,3.11,2.07,0.665594855,2.243054662,
Q107,25,D,06/25/19,25/6/2019,Adenanthera malayana,8.61,0.45,0.22,0.488888889,4.209333333,
Q107,25,D,06/25/19,25/6/2019,U54,2.1,0.53,0.46,0.867924528,1.822641509,
Q107,25,D,06/25/19,25/6/2019,U40,0.46,0.46,0.42,0.913043478,0.42,
Q107,25,D,06/25/19,25/6/2019,U38,2.74,0.3,0.3,1,2.74,
Q107,25,D,06/25/19,25/6/2019,Strychnos,3.97,0.85,0.75,0.882352941,3.502941176,
Q107,25,D,06/25/19,25/6/2019,Pometia pinnata,1.36,1.36,1.24,0.911764706,1.24,
Q213,24,D,06/25/19,25/6/2019,Prunus polystachya,20.82,10.18,9.18,0.901768173,18.77481336,
Q213,24,D,06/25/19,25/6/2019,Smilax setosa,12.03,4.53,4.1,0.905077263,10.88807947,
Q213,24,D,06/25/19,25/6/2019,Gironniera nervosa,3.97,1.59,1.47,0.924528302,3.670377358,
Q213,24,D,06/25/19,25/6/2019,Dysoxylum cauliflorum,4.22,2.6,2.39,0.919230769,3.879153846,
Q213,24,D,06/25/19,25/6/2019,Calophyllum tetrapterum var. tetrapterum,6.02,0.62,0.56,0.903225806,5.437419355,
Q213,24,D,06/25/19,25/6/2019,Litsea firma,1.54,1.18,1.07,0.906779661,1.396440678,
Q213,24,D,06/25/19,25/6/2019,Archidendron clypearia,2.02,0.27,0.22,0.814814815,1.645925926,
Q213,24,D,06/25/19,25/6/2019,Agelaea borneensis,2.62,1.04,0.94,0.903846154,2.368076923,
Q213,24,D,06/25/19,25/6/2019,Aporosa frutescens,1.89,0.94,0.85,0.904255319,1.709042553,
Q213,24,D,06/25/19,25/6/2019,Timonius wallichianus,1.54,1.02,0.95,0.931372549,1.434313725,
Q213,24,D,06/25/19,25/6/2019,Pentace triptera,1.2,1.2,1.06,0.883333333,1.06,
Q213,24,D,06/25/19,25/6/2019,U54,0.17,0.17,0.14,0.823529412,0.14,
Q213,24,D,06/25/19,25/6/2019,Rhodamnia cinerea,2.43,0.68,0.6,0.882352941,2.144117647,
Q213,24,D,06/25/19,25/6/2019,Iodes ovalis,1.33,0.24,0.22,0.916666667,1.219166667,
Q408,24,D,06/25/19,25/6/2019,Fissistigma latifolium var. ovoideum,8.46,3.42,3.09,0.903508772,7.643684211,
Q408,24,D,06/25/19,25/6/2019,Campnosperma squamatum,3.15,3.15,2.82,0.895238095,2.82,
Q408,24,D,06/25/19,25/6/2019,Prunus polystachya,6.35,5.23,4.57,0.873804971,5.548661568,
Q408,24,D,06/25/19,25/6/2019,U59,17.4,4.34,3.81,0.877880184,15.27511521,
Q408,24,D,06/25/19,25/6/2019,Gironniera nervosa,5.29,2.8,2.12,0.757142857,4.005285714,
Q408,24,D,06/25/19,25/6/2019,Lithocarpus ewyckii,46,1.38,1.23,0.891304348,41,
Q408,24,D,06/25/19,25/6/2019,Timonius wallichianus,2.99,1.2,1.11,0.925,2.76575,
Q408,24,D,06/25/19,25/6/2019,Derris amoena,0.8,0.72,0.66,0.916666667,0.733333333,
Q408,24,D,06/25/19,25/6/2019,Leuconotis griffithii,11.87,3.71,3.26,0.878706199,10.43024259,
Q408,24,D,06/25/19,25/6/2019,Rhodamnia cinerea,3.72,1.1,0.98,0.890909091,3.314181818,
Q408,24,D,06/25/19,25/6/2019,U44,2.1,2.1,1.91,0.90952381,1.91,
Q408,24,D,06/25/19,25/6/2019,U41,0.21,0.21,0.17,0.80952381,0.17,
Q408,24,D,06/25/19,25/6/2019,Alstonia pneumatophora,0.36,0.36,0.31,0.861111111,0.31,
Q408,24,D,06/25/19,25/6/2019,Pentace triptera,0.23,0.23,0.21,0.913043478,0.21,
Q408,24,D,06/25/19,25/6/2019,Aporosa frutescens,1.29,0.7,0.61,0.871428571,1.124142857,
Q4,25,W,7/2/2019,2/7/2019,U16,3.7,1.94,1.71,0.881443299,3.261340206,
Q4,25,W,7/2/2019,2/7/2019,U42,1.87,1.87,1.68,0.898395722,1.68,
Q4,25,W,7/2/2019,2/7/2019,Xanthophyllum flavescens,0.29,0.29,0.28,0.965517241,0.28,
Q4,25,W,7/2/2019,2/7/2019,U58,9.57,1.13,0.68,0.601769912,5.758938053,
Q4,25,W,7/2/2019,2/7/2019,Lophopetalum multinervium,4.12,4.12,3.68,0.893203883,3.68,
Q4,25,W,7/2/2019,2/7/2019,Dalbergia pseudo-sissoo,0.07,0.07,0.05,0.714285714,0.05,
Q4,25,W,7/2/2019,2/7/2019,Bauhinia semibifida,2.39,1.69,1.48,0.875739645,2.093017751,
Q3,24,W,7/2/2019,2/7/2019,U42,0.67,0.67,0.63,0.940298507,0.63,
Q3,24,W,7/2/2019,2/7/2019,Madhuca tomentosa,0.66,0.66,0.58,0.878787879,0.58,
Q3,24,W,7/2/2019,2/7/2019,U36,0.47,0.47,0.41,0.872340426,0.41,
Q3,24,W,7/2/2019,2/7/2019,Dalbergia pseudo-sissoo,0.51,0.51,0.47,0.921568627,0.47,
Q3,24,W,7/2/2019,2/7/2019,U43,1.92,1.05,0.86,0.819047619,1.572571429,
Q3,24,W,7/2/2019,2/7/2019,Lophopetalum multinervium,1.79,1.79,1.6,0.893854749,1.6,
Q3,24,W,7/2/2019,2/7/2019,Myristica cinnamomea,5.6,1.18,1.03,0.872881356,4.888135593,
Q3,24,W,7/2/2019,2/7/2019,U35,0.57,0.57,0.5,0.877192982,0.5,
Q3,24,W,7/2/2019,2/7/2019,Maasia glauca,1.35,1.35,1.21,0.896296296,1.21,
Q3,24,W,7/2/2019,2/7/2019,Sterculia cordata,0.78,0.78,0.71,0.91025641,0.71,
Q3,24,W,7/2/2019,2/7/2019,Xanthophyllum flavescens,1.16,1.16,1.08,0.931034483,1.08,
Q3,24,W,7/2/2019,2/7/2019,U16,5.18,2.22,1.94,0.873873874,4.526666667,
Q405,24,D,7/2/2019,2/7/2019,Uncaria cordata,2.95,2.95,2.68,0.908474576,2.68,
Q405,24,D,7/2/2019,2/7/2019,Timonius wallichianus,1.08,0.91,0.86,0.945054945,1.020659341,
Q405,24,D,7/2/2019,2/7/2019,U41,1.59,0.58,0.4,0.689655172,1.096551724,
Q405,24,D,7/2/2019,2/7/2019,Archidendron clypearia,3.32,0.33,0.32,0.96969697,3.219393939,
Q405,24,D,7/2/2019,2/7/2019,Rhodamnia cinerea,0.13,0.13,0.13,1,0.13,
Q405,24,D,7/2/2019,2/7/2019,Pternandra echinata,0.23,0.23,0.22,0.956521739,0.22,
Q405,24,D,7/2/2019,2/7/2019,Litsea firma,1.19,0.65,0.61,0.938461538,1.116769231,
Q405,24,D,7/2/2019,2/7/2019,Lindera lucida,2.55,2.55,2.29,0.898039216,2.29,
Q405,24,D,7/2/2019,2/7/2019,Xanthophyllum flavescens,2.65,2.38,2.18,0.915966387,2.427310924,
Q405,24,D,7/2/2019,2/7/2019,Agelaea borneensis,0.22,0.22,0.21,0.954545455,0.21,
Q405,24,D,7/2/2019,2/7/2019,Grewia laevigata,0.21,0.21,0.21,1,0.21,
Q405,24,D,7/2/2019,2/7/2019,Elaeocarpus stipularis,10.03,1.21,1.13,0.933884298,9.366859504,
Q405,24,D,7/2/2019,2/7/2019,Bauhinia semibifida,31.07,1.07,0.97,0.906542056,28.16626168,
Q405,24,D,7/2/2019,2/7/2019,Bhesa paniculata,15.45,6.26,5.57,0.889776358,13.74704473,
Q405,24,D,7/2/2019,2/7/2019,U56,2.42,2.42,2.24,0.925619835,2.24,
Q405,24,D,7/2/2019,2/7/2019,Prunus polystachya,2.71,2.71,2.38,0.878228782,2.38,
Q10,24,W,7/2/2019,2/7/2019,Bauhinia semibifida,9.59,0.75,0.66,0.88,8.4392,
Q10,24,W,7/2/2019,2/7/2019,Campnosperma squamatum,23.07,7.17,6.17,0.860529986,19.85242678,
Q10,24,W,7/2/2019,2/7/2019,Dalbergia pseudo-sissoo,2.24,0.7,0.6,0.857142857,1.92,
Q10,24,W,7/2/2019,2/7/2019,Madhuca tomentosa,1.13,1.13,1,0.884955752,1,
Q10,24,W,7/2/2019,2/7/2019,Xanthophyllum flavescens,0.56,0.56,0.5,0.892857143,0.5,
Q10,24,W,7/2/2019,2/7/2019,Lindera lucida,1.19,1.19,1.09,0.915966387,1.09,
Q10,24,W,7/2/2019,2/7/2019,Alstonia pneumatophora,1.96,1.22,0.89,0.729508197,1.429836066,
Q10,24,W,7/2/2019,2/7/2019,Gironniera nervosa,0.64,0.64,0.59,0.921875,0.59,
Q10,24,W,7/2/2019,2/7/2019,Gynotroches axillaris,2.13,1.78,1.56,0.876404494,1.866741573,
Q10,24,W,7/2/2019,2/7/2019,Elaeocarpus mastersii,3.53,0.85,0.73,0.858823529,3.031647059,
Q10,24,W,7/2/2019,2/7/2019,Myristica cinnamomea,0.8,0.8,0.72,0.9,0.72,
Q10,24,W,7/2/2019,2/7/2019,Uncaria cordata,2.66,2.16,1.94,0.898148148,2.389074074,
Q10,24,W,7/2/2019,2/7/2019,Aporosa frutescens,0.18,0.18,0.14,0.777777778,0.14,
Q10,24,W,7/2/2019,2/7/2019,Timonius wallichianus,0.3,0.3,0.27,0.9,0.27,
Q10,24,W,7/2/2019,2/7/2019,Derris amoena,0.91,0.54,0.5,0.925925926,0.842592593,
Q10,24,W,7/2/2019,2/7/2019,Grewia laevigata,1.45,1.14,1.01,0.885964912,1.284649123,
Q10,24,W,7/2/2019,2/7/2019,Fissistigma latifolium var. ovoideum,3.65,3.09,2.71,0.877022654,3.201132686,
Q10,24,W,7/2/2019,2/7/2019,U54,0.23,0.23,0.21,0.913043478,0.21,
Q10,24,W,7/2/2019,2/7/2019,U55,3.36,3.36,2.91,0.866071429,2.91,
Q1,24,D,7/2/2019,2/7/2019,Xanthophyllum flavescens,22.31,1.81,1.63,0.900552486,20.09132597,
Q1,24,D,7/2/2019,2/7/2019,Bhesa paniculata,25.77,6.02,5.42,0.900332226,23.20156146,
Q1,24,D,7/2/2019,2/7/2019,Prunus polystachya,17.71,11.27,10.05,0.891748004,15.79285714,
Q1,24,D,7/2/2019,2/7/2019,Gironniera nervosa,4.22,1.79,1.6,0.893854749,3.772067039,
Q1,24,D,7/2/2019,2/7/2019,U51,1.04,1.04,0.92,0.884615385,0.92,
Q1,24,D,7/2/2019,2/7/2019,Agelaea borneensis,0.82,0.82,0.73,0.890243902,0.73,
Q1,24,D,7/2/2019,2/7/2019,Timonius wallichianus,1.28,1.09,1.01,0.926605505,1.186055046,
Q1,24,D,7/2/2019,2/7/2019,Grewia laevigata,5.33,1.23,1.09,0.886178862,4.723333333,
Q1,24,D,7/2/2019,2/7/2019,Leuconotis griffithii,1.05,1.05,0.89,0.847619048,0.89,
Q1,24,D,7/2/2019,2/7/2019,Hevea brasiliensis,0.18,0.18,0.15,0.833333333,0.15,
Q1,24,D,7/2/2019,2/7/2019,Uncaria cordata,0.61,0.61,0.56,0.918032787,0.56,
Q1,24,D,7/2/2019,2/7/2019,Canarium pilosum,1.98,1.51,1.37,0.907284768,1.796423841,
Q1,24,D,7/2/2019,2/7/2019,Pternandra echinata,2.05,0.62,0.55,0.887096774,1.818548387,
Q1,24,D,7/2/2019,2/7/2019,U2,2.83,1.15,0.99,0.860869565,2.43626087,
Q1,24,D,7/2/2019,2/7/2019,Iodes velutina,0.6,0.6,0.55,0.916666667,0.55,
Q1,24,D,7/2/2019,2/7/2019,Bauhinia semibifida,0.38,0.37,0.33,0.891891892,0.338918919,
Q1,24,D,7/2/2019,2/7/2019,Fissistigma latifolium var. ovoideum,1.68,1.68,1.54,0.916666667,1.54,
Q1,24,D,7/2/2019,2/7/2019,Aporosa frutescens,2,0.63,0.54,0.857142857,1.714285714,
Q408,25,D,7/9/2019,9/7/2019,U55,1.79,1.79,1.31,0.731843575,1.31,
Q408,25,D,7/9/2019,9/7/2019,U44,3.16,3.16,2.15,0.680379747,2.15,
Q408,25,D,7/9/2019,9/7/2019,U59,16.47,4.22,2.4,0.568720379,9.366824645,
Q408,25,D,7/9/2019,9/7/2019,Timonius wallichianus,6.65,3.04,1.65,0.542763158,3.609375,
Q408,25,D,7/9/2019,9/7/2019,Aporosa frutescens,1.49,1.05,0.53,0.504761905,0.752095238,
Q408,25,D,7/9/2019,9/7/2019,U33,2.43,1.42,0.91,0.64084507,1.557253521,
Q408,25,D,7/9/2019,9/7/2019,Rhodamnia cinerea,4.84,2.03,1.11,0.54679803,2.646502463,
Q408,25,D,7/9/2019,9/7/2019,Derris amoena,1.54,0.94,0.54,0.574468085,0.884680851,
Q408,25,D,7/9/2019,9/7/2019,Prunus polystachya,5.12,4.4,3.06,0.695454545,3.560727273,
Q408,25,D,7/9/2019,9/7/2019,Lithocarpus ewyckii,70.26,1.72,1.19,0.691860465,48.61011628,
Q408,25,D,7/9/2019,9/7/2019,Gironniera nervosa,10.76,2.91,1.85,0.635738832,6.840549828,
Q408,25,D,7/9/2019,9/7/2019,Leuconotis griffithii,19.18,3.28,1.97,0.600609756,11.51969512,
Q408,25,D,7/9/2019,9/7/2019,Fissistigma latifolium var. ovoideum,20.13,6.65,2.41,0.362406015,7.295233083,
Q107,26,D,7/9/2019,9/7/2019,U54,2.77,0.92,0.61,0.663043478,1.836630435,
Q107,26,D,7/9/2019,9/7/2019,Gironniera nervosa,5.31,2.4,1.48,0.616666667,3.2745,
Q107,26,D,7/9/2019,9/7/2019,Willughbeia coriacea,3.33,3.23,1.79,0.554179567,1.845417957,
Q107,26,D,7/9/2019,9/7/2019,Bauhinia semibifida,5.98,2.14,0.8,0.373831776,2.235514019,
Q107,26,D,7/9/2019,9/7/2019,Buchanania sessifolia,2.98,1.33,0.93,0.69924812,2.083759398,
Q107,26,D,7/9/2019,9/7/2019,Iodes ovalis,0.12,0.12,0.06,0.5,0.06,
Q107,26,D,7/9/2019,9/7/2019,Aporosa prainiana,3.66,2.55,1.14,0.447058824,1.636235294,
Q107,26,D,7/9/2019,9/7/2019,Adenanthera malayana,26.32,0.45,0.23,0.511111111,13.45244444,
Q107,26,D,7/9/2019,9/7/2019,Fissistigma latifolium var. ovoideum,12.67,8.29,3.87,0.466827503,5.914704463,
Q107,26,D,7/9/2019,9/7/2019,Nothaphoebe umbelliflora,6.47,2.69,2.06,0.765799257,4.95472119,
Q107,26,D,7/9/2019,9/7/2019,U9,2.79,2.79,1.69,0.605734767,1.69,
Q107,26,D,7/9/2019,9/7/2019,U38,5.46,1.02,0.31,0.303921569,1.659411765,
Q107,26,D,7/9/2019,9/7/2019,Strychnos,4.19,1.06,0.61,0.575471698,2.411226415,
Q107,26,D,7/9/2019,9/7/2019,U47,3.39,2.12,1.46,0.688679245,2.334622642,
Q107,26,D,7/9/2019,9/7/2019,Pometia pinnata,1.06,1.06,0.48,0.452830189,0.48,
Q107,26,D,7/9/2019,9/7/2019,U57,1.39,1.39,1.08,0.776978417,1.08,
Q107,26,D,7/9/2019,9/7/2019,U40,2.03,2.03,0.86,0.42364532,0.86,
Q107,26,D,7/9/2019,9/7/2019,U29,2.34,2.34,1.27,0.542735043,1.27,
Q107,26,D,7/9/2019,9/7/2019,U19,8.98,3.49,1.74,0.498567335,4.47713467,
Q107,26,D,7/9/2019,9/7/2019,U53,3.08,1.44,1.03,0.715277778,2.203055556,
Q107,26,D,7/9/2019,9/7/2019,Grewia laevigata,21.87,2,1.39,0.695,15.19965,
Q9,25,W,7/9/2019,9/7/2019,U55,1.56,1.56,1.31,0.83974359,1.31,
Q9,25,W,7/9/2019,9/7/2019,Artocarpus kemando,1.19,1.19,0.66,0.554621849,0.66,
Q9,25,W,7/9/2019,9/7/2019,Madhuca tomentosa,0.57,0.57,0.28,0.49122807,0.28,
Q9,25,W,7/9/2019,9/7/2019,Bauhinia semibifida,2.06,2.06,0.84,0.40776699,0.84,
Q9,25,W,7/9/2019,9/7/2019,Pometia pinnata,14.7,3.02,1.39,0.460264901,6.76589404,
Q9,25,W,7/9/2019,9/7/2019,Gluta wallichii,7.73,4.88,3.52,0.721311475,5.575737705,
Q9,25,W,7/9/2019,9/7/2019,Lophopetalum multinervium,11.56,10.91,6.76,0.619615032,7.162749771,
Q9,25,W,7/9/2019,9/7/2019,Shorea,6.15,4.88,3.45,0.706967213,4.347848361,
Q9,25,W,7/9/2019,9/7/2019,U28,2.37,2.37,1.51,0.637130802,1.51,
Q9,25,W,7/9/2019,9/7/2019,U49,0.59,0.59,0.53,0.898305085,0.53,
Q9,25,W,7/9/2019,9/7/2019,U30,1.25,1.25,0.92,0.736,0.92,
Q9,25,W,7/9/2019,9/7/2019,U48,0.49,0.49,0.25,0.510204082,0.25,
Q9,25,W,7/9/2019,9/7/2019,Dalbergia pseudo-sissoo,10.17,1.99,0.97,0.487437186,4.957236181,
Q9,25,W,7/9/2019,9/7/2019,Campnosperma squamatum,33.4,10.44,6.91,0.661877395,22.10670498,
Q6,26,W,7/9/2019,9/7/2019,U49,3.3,3.3,1.82,0.551515152,1.82,
Q6,26,W,7/9/2019,9/7/2019,Madhuca tomentosa,7.06,4.8,3.11,0.647916667,4.574291667,
Q6,26,W,7/9/2019,9/7/2019,Bauhinia semibifida,1.55,1.55,0.62,0.4,0.62,
Q6,26,W,7/9/2019,9/7/2019,Lophopetalum multinervium,0.5,0.5,0.44,0.88,0.44,
Q6,26,W,7/9/2019,9/7/2019,U41,0.58,0.58,0.46,0.793103448,0.46,
Q6,26,W,7/9/2019,9/7/2019,U48,1.01,1.01,0.6,0.594059406,0.6,
Q6,26,W,7/9/2019,9/7/2019,U56,7.22,7.22,4.82,0.667590028,4.82,
Q6,26,W,7/9/2019,9/7/2019,Diospyros maingayi,35.49,4.64,3.3,0.711206897,25.24073276,
Q6,26,W,7/9/2019,9/7/2019,Pometia pinnata,38.94,2.55,1.35,0.529411765,20.61529412,
Q6,26,W,7/9/2019,9/7/2019,Campnosperma squamatum,31.08,8.26,5.42,0.656174334,20.39389831,
Q6,26,W,7/9/2019,9/7/2019,Artocarpus kemando,27.68,2.29,1.19,0.519650655,14.38393013,
Q213,25,D,7/9/2019,9/7/2019,Litsea firma,6.58,2.05,1.17,0.570731707,3.755414634,
Q213,25,D,7/9/2019,9/7/2019,Calophyllum tetrapterum var. tetrapterum,19.09,1.02,0.54,0.529411765,10.10647059,
Q213,25,D,7/9/2019,9/7/2019,Pentace triptera,0.86,0.86,0.74,0.860465116,0.74,
Q213,25,D,7/9/2019,9/7/2019,Iodes ovalis,0.89,0.53,0.34,0.641509434,0.570943396,
Q213,25,D,7/9/2019,9/7/2019,Rhodamnia cinerea,2.94,1.46,0.88,0.602739726,1.772054795,
Q213,25,D,7/9/2019,9/7/2019,Agelaea borneensis,3.67,1.62,1,0.617283951,2.265432099,
Q213,25,D,7/9/2019,9/7/2019,Aporosa frutescens,3.77,1.29,0.72,0.558139535,2.104186047,
Q213,25,D,7/9/2019,9/7/2019,Archidendron clypearia,4.9,0.55,0.35,0.636363636,3.118181818,
Q213,25,D,7/9/2019,9/7/2019,Timonius wallichianus,0.56,0.56,0.43,0.767857143,0.43,
Q213,25,D,7/9/2019,9/7/2019,Dysoxylum cauliflorum,3.81,1.81,1.62,0.895027624,3.410055249,
Q213,25,D,7/9/2019,9/7/2019,Gironniera nervosa,7.08,3.04,2.03,0.667763158,4.727763158,
Q213,25,D,7/9/2019,9/7/2019,Smilax setosa,20.2,10.88,7.14,0.65625,13.25625,
Q213,25,D,7/9/2019,9/7/2019,Prunus polystachya,17.7,13.68,8.77,0.641081871,11.34714912,
Q3,25,W,07/14/19,14/7/2019,Myristica cinnamomea,7.23,1.31,1.17,0.893129771,6.457328244,
Q3,25,W,07/14/19,14/7/2019,U43,2.86,1.01,0.92,0.910891089,2.605148515,
Q3,25,W,07/14/19,14/7/2019,U16,2.13,2.13,1.93,0.906103286,1.93,
Q3,25,W,07/14/19,14/7/2019,Maasia glauca,1.49,1.49,1.39,0.932885906,1.39,
Q3,25,W,07/14/19,14/7/2019,U31,0.17,0.17,0.16,0.941176471,0.16,
Q3,25,W,07/14/19,14/7/2019,Dalbergia pseudo-sissoo,1.7,1.53,1.42,0.928104575,1.577777778,
Q3,25,W,07/14/19,14/7/2019,Madhuca tomentosa,4.63,2.78,2.45,0.881294964,4.080395683,
Q3,25,W,07/14/19,14/7/2019,Aporosa frutescens,0.17,0.17,0.16,0.941176471,0.16,
Q3,25,W,07/14/19,14/7/2019,U19,0.98,0.98,0.9,0.918367347,0.9,
Q3,25,W,07/14/19,14/7/2019,U42,0.29,0.29,0.26,0.896551724,0.26,
Q3,25,W,07/14/19,14/7/2019,U48,0.67,0.67,0.61,0.910447761,0.61,
Q1,25,D,07/14/19,14/7/2019,Bhesa paniculata,10.56,4.02,3.63,0.902985075,9.535522388,
Q1,25,D,07/14/19,14/7/2019,Prunus polystachya,10.73,10.29,9.27,0.900874636,9.66638484,
Q1,25,D,07/14/19,14/7/2019,Gironniera nervosa,2.07,1.62,1.48,0.913580247,1.891111111,
Q1,25,D,07/14/19,14/7/2019,Xanthophyllum flavescens,12.21,1.69,1.55,0.917159763,11.19852071,
Q1,25,D,07/14/19,14/7/2019,Grewia laevigata,4.86,1.71,1.54,0.900584795,4.376842105,
Q1,25,D,07/14/19,14/7/2019,Canarium pilosum,1.87,1.78,1.63,0.915730337,1.71241573,
Q1,25,D,07/14/19,14/7/2019,Leuconotis griffithii,4.55,4.12,3.72,0.902912621,4.108252427,
Q1,25,D,07/14/19,14/7/2019,Aporosa frutescens,1.62,0.49,0.46,0.93877551,1.520816327,
Q1,25,D,07/14/19,14/7/2019,Pternandra echinata,1.65,0.76,0.66,0.868421053,1.432894737,
Q1,25,D,07/14/19,14/7/2019,Iodes velutina,0.94,0.94,0.86,0.914893617,0.86,
Q1,25,D,07/14/19,14/7/2019,Fissistigma latifolium var. ovoideum,1.05,1.05,0.98,0.933333333,0.98,
Q1,25,D,07/14/19,14/7/2019,U2,2.74,0.86,0.78,0.906976744,2.485116279,
Q1,25,D,07/14/19,14/7/2019,Timonius wallichianus,1.58,1.29,1.19,0.92248062,1.45751938,
Q1,25,D,07/14/19,14/7/2019,U49,1.51,1.3,1.19,0.915384615,1.382230769,
Q1,25,D,07/14/19,14/7/2019,Uncaria cordata,0.31,0.31,0.27,0.870967742,0.27,
Q1,25,D,07/14/19,14/7/2019,Elaeocarpus mastersii,0.26,0.26,0.23,0.884615385,0.23,
Q1,25,D,07/14/19,14/7/2019,U51,1.28,1.16,1.06,0.913793103,1.169655172,
Q10,25,W,07/14/19,14/7/2019,Campnosperma squamatum,19.34,3.93,3.5,0.890585242,17.22391858,
Q10,25,W,07/14/19,14/7/2019,Bauhinia semibifida,10.91,1.13,1,0.884955752,9.654867257,
Q10,25,W,07/14/19,14/7/2019,Elaeocarpus mastersii,3.55,0.69,0.62,0.898550725,3.189855072,
Q10,25,W,07/14/19,14/7/2019,Fissistigma latifolium var. ovoideum,4.56,3.56,3.21,0.901685393,4.111685393,
Q10,25,W,07/14/19,14/7/2019,Grewia laevigata,2.39,1.07,0.96,0.897196262,2.144299065,
Q10,25,W,07/14/19,14/7/2019,Alstonia pneumatophora,2.09,1.2,1.01,0.841666667,1.759083333,
Q10,25,W,07/14/19,14/7/2019,Gironniera nervosa,0.31,0.31,0.27,0.870967742,0.27,
Q10,25,W,07/14/19,14/7/2019,Aporosa frutescens,0.39,0.39,0.34,0.871794872,0.34,
Q10,25,W,07/14/19,14/7/2019,Gynotroches axillaris,4.7,2.08,1.85,0.889423077,4.180288462,
Q10,25,W,07/14/19,14/7/2019,Lindera lucida,1.28,1.28,1.16,0.90625,1.16,
Q10,25,W,07/14/19,14/7/2019,Uncaria cordata,3.94,3.43,3.09,0.900874636,3.549446064,
Q10,25,W,07/14/19,14/7/2019,U55,3.12,2.7,2.36,0.874074074,2.727111111,
Q10,25,W,07/14/19,14/7/2019,Dalbergia pseudo-sissoo,1.33,0.95,0.84,0.884210526,1.176,
Q10,25,W,07/14/19,14/7/2019,Timonius wallichianus,0.09,0.09,0.09,1,0.09,
Q10,25,W,07/14/19,14/7/2019,Pternandra echinata,0.04,0.04,0.04,1,0.04,
Q10,25,W,07/14/19,14/7/2019,Myristica cinnamomea,1.92,1.23,1.12,0.910569106,1.748292683,
Q10,25,W,07/14/19,14/7/2019,Derris amoena,0.22,0.22,0.18,0.818181818,0.18,
Q10,25,W,07/14/19,14/7/2019,Bhesa paniculata,0.69,0.69,0.63,0.913043478,0.63,
Q4,26,W,07/14/19,14/7/2019,U27,15.02,1.23,1.1,0.894308943,13.43252033,
Q4,26,W,07/14/19,14/7/2019,Lophopetalum multinervium,9.18,7.35,6.67,0.907482993,8.330693878,
Q4,26,W,07/14/19,14/7/2019,Myristica cinnamomea,1,1,0.92,0.92,0.92,
Q4,26,W,07/14/19,14/7/2019,Madhuca tomentosa,2.45,2.45,2.2,0.897959184,2.2,
Q4,26,W,07/14/19,14/7/2019,Xanthophyllum flavescens,3.39,2.56,2.34,0.9140625,3.098671875,
Q4,26,W,07/14/19,14/7/2019,Dalbergia pseudo-sissoo,1.9,0.9,0.82,0.911111111,1.731111111,
Q4,26,W,07/14/19,14/7/2019,U16,3.73,1.79,1.61,0.899441341,3.354916201,
Q4,26,W,07/14/19,14/7/2019,Bauhinia semibifida,0.65,0.65,0.6,0.923076923,0.6,
Q4,26,W,07/14/19,14/7/2019,U42,1.44,1.44,1.29,0.895833333,1.29,
Q4,26,W,07/14/19,14/7/2019,U36,3.77,3,2.71,0.903333333,3.405566667,
Q4,26,W,07/14/19,14/7/2019,U58,8.5,0.62,0.55,0.887096774,7.540322581,
Q4,26,W,07/14/19,14/7/2019,U19,0.17,0.17,0.14,0.823529412,0.14,
Q4,26,W,07/14/19,14/7/2019,Aporosa falcifera,3.66,2.77,2.48,0.895306859,3.276823105,
Q4,26,W,07/14/19,14/7/2019,U28,0.53,0.53,0.46,0.867924528,0.46,
Q405,25,D,07/14/19,14/7/2019,Bauhinia semibifida,34.37,0.94,0.84,0.893617021,30.71361702,
Q405,25,D,07/14/19,14/7/2019,Uncaria cordata,4.23,4.23,3.83,0.905437352,3.83,
Q405,25,D,07/14/19,14/7/2019,Prunus polystachya,9.42,8.29,7.5,0.904704463,8.522316043,
Q405,25,D,07/14/19,14/7/2019,Elaeocarpus stipularis,11.34,1.58,1.44,0.911392405,10.33518987,
Q405,25,D,07/14/19,14/7/2019,Bhesa paniculata,8.53,6.09,5.44,0.893267652,7.619573071,
Q405,25,D,07/14/19,14/7/2019,Litsea firma,1.42,0.88,0.79,0.897727273,1.274772727,
Q405,25,D,07/14/19,14/7/2019,Archidendron clypearia,2.43,0.37,0.34,0.918918919,2.232972973,
Q405,25,D,07/14/19,14/7/2019,Rhodamnia cinerea,0.8,0.8,0.72,0.9,0.72,
Q405,25,D,07/14/19,14/7/2019,Lindera lucida,4.41,3.85,3.43,0.890909091,3.928909091,
Q405,25,D,07/14/19,14/7/2019,Xanthophyllum flavescens,1.41,1.41,1.28,0.907801418,1.28,
Q405,25,D,07/14/19,14/7/2019,U41,0.55,0.36,0.32,0.888888889,0.488888889,
Q405,25,D,07/14/19,14/7/2019,Timonius wallichianus,1.1,1.1,1.01,0.918181818,1.01,
Q405,25,D,07/14/19,14/7/2019,Grewia laevigata,0.24,0.24,0.2,0.833333333,0.2,
Q405,25,D,07/14/19,14/7/2019,Pternandra echinata,0.21,0.21,0.19,0.904761905,0.19,
Q405,25,D,07/14/19,14/7/2019,Gironniera nervosa,0.22,0.22,0.19,0.863636364,0.19,
Q405,25,D,07/14/19,14/7/2019,U49,1.2,1.2,1.09,0.908333333,1.09,
Q405,25,D,07/14/19,14/7/2019,U9,0.24,0.24,0.22,0.916666667,0.22,
Q408,26,D,07/23/19,23/7/2019,Prunus polystachya,5.56,4.58,3.99,0.871179039,4.843755459,
Q408,26,D,07/23/19,23/7/2019,Gironniera nervosa,18.89,4.1,2.14,0.52195122,9.859658537,
Q408,26,D,07/23/19,23/7/2019,Lithocarpus ewyckii,78.46,2.09,1.22,0.583732057,45.79961722,
Q408,26,D,07/23/19,23/7/2019,U59,20.2,5.3,2.81,0.530188679,10.70981132,
Q408,26,D,07/23/19,23/7/2019,Leuconotis griffithii,4.45,4.21,2.91,0.691211401,3.075890736,
Q408,26,D,07/23/19,23/7/2019,Rhodamnia cinerea,2.88,1.31,1.08,0.824427481,2.374351145,
Q408,26,D,07/23/19,23/7/2019,Fissistigma latifolium var. ovoideum,5.51,5.51,2.64,0.479128857,2.64,
Q408,26,D,07/23/19,23/7/2019,U31,0.16,0.16,0.14,0.875,0.14,
Q408,26,D,07/23/19,23/7/2019,Aporosa frutescens,0.39,0.39,0.34,0.871794872,0.34,
Q408,26,D,07/23/19,23/7/2019,Timonius wallichianus,0.57,0.57,0.52,0.912280702,0.52,
Q408,26,D,07/23/19,23/7/2019,U41,0.72,0.5,0.36,0.72,0.5184,
Q408,26,D,07/23/19,23/7/2019,Derris amoena,2.35,1.23,0.87,0.707317073,1.662195122,
Q408,26,D,07/23/19,23/7/2019,U33,0.41,0.41,0.33,0.804878049,0.33,
Q408,26,D,07/23/19,23/7/2019,U55,0.73,0.73,0.64,0.876712329,0.64,
Q9,26,W,07/23/19,23/7/2019,Pometia pinnata,25.79,2.32,1.53,0.659482759,17.00806034,
Q9,26,W,07/23/19,23/7/2019,Dalbergia pseudo-sissoo,18.92,1.36,1,0.735294118,13.91176471,
Q9,26,W,07/23/19,23/7/2019,U56,3.21,3.21,2.61,0.813084112,2.61,
Q9,26,W,07/23/19,23/7/2019,Campnosperma squamatum,74.75,15.28,8.12,0.531413613,39.72316754,
Q9,26,W,07/23/19,23/7/2019,Artocarpus kemando,0.48,0.48,0.44,0.916666667,0.44,
Q9,26,W,07/23/19,23/7/2019,Shorea,3.64,3.43,2.6,0.758017493,2.759183673,
Q9,26,W,07/23/19,23/7/2019,Gluta wallichii,4.69,4.07,2.93,0.71990172,3.376339066,
Q9,26,W,07/23/19,23/7/2019,U49,2.62,2.62,0.99,0.377862595,0.99,
Q9,26,W,07/23/19,23/7/2019,U30,0.69,0.69,0.61,0.884057971,0.61,
Q9,26,W,07/23/19,23/7/2019,Gynotroches axillaris,0.34,0.34,0.31,0.911764706,0.31,
Q9,26,W,07/23/19,23/7/2019,Bauhinia semibifida,0.67,0.63,0.47,0.746031746,0.49984127,
Q9,26,W,07/23/19,23/7/2019,Madhuca tomentosa,1.83,1.73,1.35,0.780346821,1.428034682,
Q9,26,W,07/23/19,23/7/2019,U28,2.1,2.1,1.79,0.852380952,1.79,
Q9,26,W,07/23/19,23/7/2019,U48,1.21,1.21,1.1,0.909090909,1.1,
Q9,26,W,07/23/19,23/7/2019,Lophopetalum multinervium,1.47,1.47,1.1,0.74829932,1.1,
Q6,27,W,07/23/19,23/7/2019,Sterculia cordata,57.06,15.12,4.08,0.26984127,15.39714286,
Q6,27,W,07/23/19,23/7/2019,Artocarpus kemando,16.76,1.83,1.23,0.672131148,11.26491803,
Q6,27,W,07/23/19,23/7/2019,Pometia pinnata,90.42,2.44,1.55,0.635245902,57.43893443,
Q6,27,W,07/23/19,23/7/2019,Diospyros maingayi,70.29,8.41,4.48,0.532699168,37.44342449,
Q6,27,W,07/23/19,23/7/2019,U56,6.6,6.6,3.12,0.472727273,3.12,
Q6,27,W,07/23/19,23/7/2019,Campnosperma squamatum,34.71,12.18,7.27,0.596880131,20.71770936,
Q6,27,W,07/23/19,23/7/2019,Madhuca tomentosa,6.56,2.86,2.01,0.702797203,4.61034965,
Q6,27,W,07/23/19,23/7/2019,U41,2.06,0.89,0.66,0.741573034,1.527640449,
Q6,27,W,07/23/19,23/7/2019,Bauhinia semibifida,0.33,0.33,0.31,0.939393939,0.31,
Q6,27,W,07/23/19,23/7/2019,Lophopetalum multinervium,0.74,0.74,0.46,0.621621622,0.46,
Q6,27,W,07/23/19,23/7/2019,U58,0.28,0.28,0.25,0.892857143,0.25,
Q6,27,W,07/23/19,23/7/2019,Willughbeia coriacea,0.65,0.65,0.41,0.630769231,0.41,
Q6,27,W,07/23/19,23/7/2019,U49,2.81,2.81,2.18,0.775800712,2.18,
Q6,27,W,07/23/19,23/7/2019,U52,0.94,0.94,0.83,0.882978723,0.83,
Q213,26,D,07/23/19,23/7/2019,Dysoxylum cauliflorum,11.11,3.62,2.2,0.607734807,6.751933702,
Q213,26,D,07/23/19,23/7/2019,Prunus polystachya,18.24,15.25,7.33,0.480655738,8.767160656,
Q213,26,D,07/23/19,23/7/2019,Smilax setosa,10.13,8.9,5.84,0.656179775,6.647101124,
Q213,26,D,07/23/19,23/7/2019,Calophyllum tetrapterum var. tetrapterum,7.41,0.76,0.61,0.802631579,5.9475,
Q213,26,D,07/23/19,23/7/2019,Iodes ovalis,0.89,0.39,0.38,0.974358974,0.867179487,
Q213,26,D,07/23/19,23/7/2019,U54,0.91,0.6,0.55,0.916666667,0.834166667,
Q213,26,D,07/23/19,23/7/2019,Litsea firma,6.14,2.6,1.37,0.526923077,3.235307692,
Q213,26,D,07/23/19,23/7/2019,Gironniera nervosa,5.4,2.69,1.32,0.49070632,2.649814126,
Q213,26,D,07/23/19,23/7/2019,Agelaea borneensis,1.83,1.06,0.9,0.849056604,1.553773585,
Q213,26,D,07/23/19,23/7/2019,Aporosa frutescens,1.25,0.79,0.64,0.810126582,1.012658228,
Q213,26,D,07/23/19,23/7/2019,Rhodamnia cinerea,3.52,1.22,0.77,0.631147541,2.221639344,
Q213,26,D,07/23/19,23/7/2019,Timonius wallichianus,1.11,1.11,0.49,0.441441441,0.49,
Q213,26,D,07/23/19,23/7/2019,Archidendron clypearia,6.2,0.81,0.25,0.308641975,1.913580247,
Q213,26,D,07/23/19,23/7/2019,Pentace triptera,0.35,0.35,0.31,0.885714286,0.31,
Q107,27,D,07/23/19,23/7/2019,Nothaphoebe umbelliflora,12.21,2.22,1.96,0.882882883,10.78,
Q107,27,D,07/23/19,23/7/2019,Gironniera nervosa,7.55,3.41,1.68,0.492668622,3.719648094,
Q107,27,D,07/23/19,23/7/2019,Aporosa prainiana,6.7,3.55,1.78,0.501408451,3.35943662,
Q107,27,D,07/23/19,23/7/2019,Pternandra echinata,11.83,0.76,0.22,0.289473684,3.424473684,
Q107,27,D,07/23/19,23/7/2019,Willughbeia coriacea,6.34,4.29,2.66,0.62004662,3.931095571,
Q107,27,D,07/23/19,23/7/2019,Strychnos,9.12,1.67,0.8,0.479041916,4.368862275,
Q107,27,D,07/23/19,23/7/2019,U9,6.02,6.02,2.95,0.490033223,2.95,
Q107,27,D,07/23/19,23/7/2019,Fissistigma latifolium var. ovoideum,10.34,6.39,3.54,0.55399061,5.728262911,
Q107,27,D,07/23/19,23/7/2019,U19,6.27,2.58,1.75,0.678294574,4.252906977,
Q107,27,D,07/23/19,23/7/2019,U29,8.92,4.36,2.15,0.493119266,4.398623853,
Q107,27,D,07/23/19,23/7/2019,Grewia laevigata,15.46,3.05,1.49,0.48852459,7.552590164,
Q107,27,D,07/23/19,23/7/2019,U38,4.49,0.74,0.2,0.27027027,1.213513514,
Q107,27,D,07/23/19,23/7/2019,U53,0.18,0.18,0.16,0.888888889,0.16,
Q107,27,D,07/23/19,23/7/2019,Bauhinia semibifida,5.97,1.93,0.72,0.373056995,2.227150259,
Q107,27,D,07/23/19,23/7/2019,Buchanania sessifolia,1.99,1.32,0.92,0.696969697,1.386969697,
Q107,27,D,07/23/19,23/7/2019,U40,1.27,1.27,0.5,0.393700787,0.5,
Q107,27,D,07/23/19,23/7/2019,Iodes ovalis,0.17,0.17,0.15,0.882352941,0.15,
Q107,27,D,07/23/19,23/7/2019,U54,2.51,1.44,0.55,0.381944444,0.958680556,
Q107,27,D,07/23/19,23/7/2019,Pometia pinnata,0.63,0.63,0.4,0.634920635,0.4,
Q107,27,D,07/23/19,23/7/2019,U57,0.48,0.48,0.26,0.541666667,0.26,
Q1,26,D,07/30/19,30/7/2019,Iodes velutina,1.04,1.04,0.95,0.913461538,0.95,
Q1,26,D,07/30/19,30/7/2019,U57,0.67,0.67,0.62,0.925373134,0.62,
Q1,26,D,07/30/19,30/7/2019,Bauhinia semibifida,0.8,0.8,0.73,0.9125,0.73,
Q1,26,D,07/30/19,30/7/2019,U54,0.05,0.05,0.05,1,0.05,
Q1,26,D,07/30/19,30/7/2019,Canarium pilosum,2.38,1.22,1.1,0.901639344,2.145901639,
Q1,26,D,07/30/19,30/7/2019,Pternandra echinata,0.52,0.49,0.45,0.918367347,0.47755102,
Q1,26,D,07/30/19,30/7/2019,Gironniera nervosa,5.87,1.53,1.39,0.908496732,5.332875817,
Q1,26,D,07/30/19,30/7/2019,Grewia laevigata,22.06,1.15,1.02,0.886956522,19.56626087,
Q1,26,D,07/30/19,30/7/2019,U2,4.19,1,0.8,0.8,3.352,
Q1,26,D,07/30/19,30/7/2019,Uncaria cordata,0.84,0.84,0.76,0.904761905,0.76,
Q1,26,D,07/30/19,30/7/2019,Aporosa frutescens,1.9,0.44,0.39,0.886363636,1.684090909,
Q1,26,D,07/30/19,30/7/2019,Timonius wallichianus,2.16,0.92,0.86,0.934782609,2.019130435,
Q1,26,D,07/30/19,30/7/2019,Hevea brasiliensis,0.58,0.58,0.54,0.931034483,0.54,
Q1,26,D,07/30/19,30/7/2019,Agelaea borneensis,2.53,1.14,1.04,0.912280702,2.308070175,
Q1,26,D,07/30/19,30/7/2019,Fissistigma latifolium var. ovoideum,0.43,0.43,0.39,0.906976744,0.39,
Q1,26,D,07/30/19,30/7/2019,U55,1.9,1.9,1.49,0.784210526,1.49,
Q1,26,D,07/30/19,30/7/2019,U51,2.14,2.09,1.89,0.90430622,1.935215311,
Q1,26,D,07/30/19,30/7/2019,Leuconotis griffithii,6.44,3.17,2.84,0.895899054,5.769589905,
Q1,26,D,07/30/19,30/7/2019,Xanthophyllum flavescens,12.1,1.34,1.23,0.917910448,11.10671642,
Q1,26,D,07/30/19,30/7/2019,Prunus polystachya,13.11,7.47,6.67,0.892904953,11.70598394,
Q1,26,D,07/30/19,30/7/2019,Bhesa paniculata,9.86,4.11,3.71,0.902676399,8.900389294,
Q10,26,W,07/30/19,30/7/2019,Derris amoena,0.24,0.24,0.21,0.875,0.21,
Q10,26,W,07/30/19,30/7/2019,Aporosa frutescens,0.26,0.26,0.23,0.884615385,0.23,
Q10,26,W,07/30/19,30/7/2019,Myristica cinnamomea,2.21,1.28,1.19,0.9296875,2.054609375,
Q10,26,W,07/30/19,30/7/2019,Lindera lucida,1.13,1.13,1.02,0.902654867,1.02,
Q10,26,W,07/30/19,30/7/2019,Alstonia pneumatophora,0.78,0.78,0.58,0.743589744,0.58,
Q10,26,W,07/30/19,30/7/2019,Dalbergia pseudo-sissoo,11.02,0.95,0.8,0.842105263,9.28,
Q10,26,W,07/30/19,30/7/2019,Bauhinia semibifida,21.82,0.83,0.74,0.891566265,19.4539759,
Q10,26,W,07/30/19,30/7/2019,Grewia laevigata,5.15,1.32,1.09,0.825757576,4.252651515,
Q10,26,W,07/30/19,30/7/2019,Elaeocarpus mastersii,2.89,0.83,0.73,0.879518072,2.541807229,
Q10,26,W,07/30/19,30/7/2019,Gynotroches axillaris,4.83,1.21,1.09,0.900826446,4.350991736,
Q10,26,W,07/30/19,30/7/2019,Uncaria cordata,9.17,3.28,2.56,0.780487805,7.157073171,
Q10,26,W,07/30/19,30/7/2019,U55,7.25,3.77,3.06,0.811671088,5.884615385,
Q10,26,W,07/30/19,30/7/2019,Fissistigma latifolium var. ovoideum,2.71,2.71,2.42,0.89298893,2.42,
Q10,26,W,07/30/19,30/7/2019,Bhesa paniculata,2.59,2.59,2.34,0.903474903,2.34,
Q10,26,W,07/30/19,30/7/2019,Campnosperma squamatum,17.56,3.99,3.59,0.899749373,15.799599,
Q10,26,W,07/30/19,30/7/2019,Timonius wallichianus,1.77,1.03,0.93,0.902912621,1.59815534,
Q3,26,W,07/30/19,30/7/2019,U43,8.56,0.92,0.82,0.891304348,7.629565217,
Q3,26,W,07/30/19,30/7/2019,U52,0.48,0.48,0.43,0.895833333,0.43,
Q3,26,W,07/30/19,30/7/2019,Pometia pinnata,0.22,0.22,0.2,0.909090909,0.2,
Q3,26,W,07/30/19,30/7/2019,U16,6.57,2.27,1.94,0.854625551,5.614889868,
Q3,26,W,07/30/19,30/7/2019,U42,2.22,2.22,2,0.900900901,2,
Q3,26,W,07/30/19,30/7/2019,Maasia glauca,2.75,1.83,1.69,0.923497268,2.539617486,
Q3,26,W,07/30/19,30/7/2019,U57,0.5,0.5,0.46,0.92,0.46,
Q3,26,W,07/30/19,30/7/2019,Myristica cinnamomea,6.58,1.48,1.32,0.891891892,5.868648649,
Q3,26,W,07/30/19,30/7/2019,Dalbergia pseudo-sissoo,2.82,1.17,1.05,0.897435897,2.530769231,
Q3,26,W,07/30/19,30/7/2019,Xanthophyllum flavescens,1.12,1.12,1.02,0.910714286,1.02,
Q3,26,W,07/30/19,30/7/2019,Lophopetalum multinervium,1.48,1.48,1.33,0.898648649,1.33,
Q3,26,W,07/30/19,30/7/2019,Madhuca tomentosa,5.84,2.75,2.35,0.854545455,4.990545455,
Q3,26,W,07/30/19,30/7/2019,U35,0.85,0.85,0.75,0.882352941,0.75,
Q4,27,W,07/30/19,30/7/2019,U36,1.32,1.32,1.19,0.901515152,1.19,
Q4,27,W,07/30/19,30/7/2019,U57,0.5,0.5,0.46,0.92,0.46,
Q4,27,W,07/30/19,30/7/2019,U19,0.69,0.69,0.61,0.884057971,0.61,
Q4,27,W,07/30/19,30/7/2019,Gynotroches axillaris,0.21,0.21,0.19,0.904761905,0.19,
Q4,27,W,07/30/19,30/7/2019,Myristica cinnamomea,0.99,0.99,0.89,0.898989899,0.89,
Q4,27,W,07/30/19,30/7/2019,Dalbergia pseudo-sissoo,1.13,0.55,0.5,0.909090909,1.027272727,
Q4,27,W,07/30/19,30/7/2019,U16,3.77,1.59,1.38,0.867924528,3.272075472,
Q4,27,W,07/30/19,30/7/2019,Bauhinia semibifida,0.16,0.16,0.14,0.875,0.14,
Q4,27,W,07/30/19,30/7/2019,U42,0.74,0.74,0.66,0.891891892,0.66,
Q4,27,W,07/30/19,30/7/2019,U58,3.1,0.67,0.59,0.880597015,2.729850746,
Q4,27,W,07/30/19,30/7/2019,U27,4.11,1.35,1.21,0.896296296,3.683777778,
Q4,27,W,07/30/19,30/7/2019,U28,1.14,1.14,1.01,0.885964912,1.01,
Q4,27,W,07/30/19,30/7/2019,Vatica pauciflora ,0.85,0.85,0.78,0.917647059,0.78,
Q4,27,W,07/30/19,30/7/2019,Madhuca tomentosa,1.09,1.09,0.96,0.880733945,0.96,
Q4,27,W,07/30/19,30/7/2019,U44,4.6,2.93,2.96,1.010238908,4.647098976,
Q4,27,W,07/30/19,30/7/2019,Aporosa falcifera,1.95,1.95,1.74,0.892307692,1.74,
Q4,27,W,07/30/19,30/7/2019,Xanthophyllum flavescens,2.73,2.73,2.48,0.908424908,2.48,
Q4,27,W,07/30/19,30/7/2019,Lophopetalum multinervium,17.55,7.36,6.53,0.887228261,15.57085598,
Q4,27,W,07/30/19,30/7/2019,U45,9.13,3.77,3.36,0.891246684,8.137082228,
Q6,1,W,07/27/18,27/8/2018,Misc,,,,,51.7443259,
Q107,1,D,07/28/18,28/8/2018,Misc,,,,,74.8695421,
Q4,1,W,8/2/2018,2/8/2018,Misc,,,,,57.25341028,
Q405,1,D,8/7/2018,7/8/2018,Misc,,,,,46.39023923,
Q408,1,D,8/7/2018,7/8/2018,Misc,,,,,23.71056,
Q213,1,D,8/7/2018,7/8/2018,Misc,,,,,51.81443478,
Q6,2,W,08/13/18,13/8/2018,Misc,,,,,43.40822034,
Q107,2,D,08/13/18,13/8/2018,Misc,,,,,65.35550591,
Q9,1,W,08/13/18,13/8/2018,Misc,,,,,52.88818057,
Q3,1,W,08/15/18,15/8/2018,Misc,,,,,50.15136069,
Q4,2,W,08/15/18,15/8/2018,Misc,,,,,79.35940737,
Q10,1,W,08/16/18,16/8/2018,Misc,,,,,47.58085356,
Q1,1,D,08/16/18,16/8/2018,Misc,,,,,42.08532505,
Q213,2,D,08/21/18,21/8/2018,Misc,,,,,36.123462,
Q408,2,D,08/21/18,21/8/2018,Misc,,,,,43.77084979,
Q405,2,D,08/21/18,21/8/2018,Misc,,,,,68.68070588,
Q9,2,W,08/23/18,23/8/2018,Misc,,,,,39.91971196,
Q6,3,W,08/23/18,23/8/2018,Misc,,,,,47.38619145,
Q107,3,D,08/24/18,24/8/2018,Misc,,,,,68.18671642,
Q3,2,W,08/28/18,28/8/2018,Misc,,,,,68.6241681,
Q4,3,W,08/28/18,28/8/2018,Misc,,,,,66.37717993,
Q1,2,D,08/28/18,28/8/2018,Misc,,,,,50.5113913,
Q10,2,W,08/29/18,29/8/2018,Misc,,,,,47.08635865,
Q213,3,D,9/5/2018,5/9/2018,Misc,,,,,0,
Q408,3,D,9/5/2018,5/9/2018,Misc,,,,,36.42614634,
Q405,3,D,9/5/2018,5/9/2018,Misc,,,,,53.02071146,
Q9,3,W,9/7/2018,7/9/2018,Misc,,,,,43.06830571,
Q107,4,D,9/7/2018,7/9/2018,Misc,,,,,71.58883775,
Q6,4,W,9/7/2018,7/9/2018,Misc,,,,,51.67348571,
Q4,4,W,9/12/2018,12/9/2018,Misc,,,,,57.2689967,
Q3,3,W,9/12/2018,12/9/2018,Misc,,,,,67.63497217,
Q10,3,W,9/12/2018,12/9/2018,Misc,,,,,32.89441778,
Q1,3,D,9/12/2018,12/9/2018,Misc,,,,,50.09146356,
Q107,5,D,09/18/18,18/9/2018,Misc,,,,,44.65077261,
Q9,4,W,09/18/18,18/9/2018,Misc,,,,,31.07047619,
Q6,5,W,09/18/18,18/9/2018,Misc,,,,,39.13471947,
Q213,4,D,09/21/18,21/9/2018,Misc,,,,,43.95823455,
Q408,4,D,09/21/18,21/9/2018,Misc,,,,,9.01989418,
Q405,4,D,09/21/18,21/9/2018,Misc,,,,,48.76520067,
Q4,5,W,09/26/18,26/9/2018,Misc,,,,,57.49028137,
Q3,4,W,09/26/18,26/9/2018,Misc,,,,,28.24948399,
Q1,4,D,09/26/18,26/9/2018,Misc,,,,,41.92114537,
Q10,4,W,09/26/18,26/9/2018,Misc,,,,,34.52935982,
Q408,5,D,10/2/2018,2/10/2018,Misc,,,,,27.0543128,
Q405,5,D,10/2/2018,2/10/2018,Misc,,,,,33.59269932,
Q213,5,D,10/2/2018,2/10/2018,Misc,,,,,34.1700616,
Q6,6,W,10/4/2018,4/10/2018,Misc,,,,,27.61236715,
Q9,5,W,10/4/2018,4/10/2018,Misc,,,,,40.87249545,
Q107,6,D,10/4/2018,4/10/2018,Misc,,,,,70.9358912,
Q4,6,W,10/10/2018,10/10/2018,Misc,,,,,63.65,
Q3,5,W,10/10/2018,10/10/2018,Misc,,,,,32.68,
Q1,5,D,10/10/2018,10/10/2018,Misc,,,,,52.03,
Q10,5,W,10/10/2018,10/10/2018,Misc,,,,,43.49,
Q405,6,D,10/16/18,16/10/2018,Misc,,,,,25.59,
Q408,6,D,10/16/18,16/10/2018,Misc,,,,,20.36,
Q213,6,D,10/16/18,16/10/2018,Misc,,,,,50.94,
Q107,7,D,10/19/18,19/10/2018,Misc,,,,,64.38,
Q6,7,W,10/19/18,19/10/2018,Misc,,,,,45.1,
Q9,6,W,10/19/18,19/10/2018,Misc,,,,,34.56,
Q4,7,W,10/24/18,24/10/2018,Misc,,,,,25.23,
Q10,6,W,10/24/18,24/10/2018,Misc,,,,,40.41,
Q1,6,D,10/24/18,24/10/2018,Misc,,,,,19.53,
Q3,6,W,10/24/18,24/10/2018,Misc,,,,,19.37,
Q408,7,D,10/31/18,31/10/2018,Misc,,,,,18.88077336,
Q213,7,D,10/31/18,31/10/2018,Misc,,,,,16.08,
Q405,7,D,10/31/18,31/10/2018,Misc,,,,,19.89,
Q9,7,W,11/1/2018,1/11/2018,Misc,,,,,28.51,
Q6,8,W,11/1/2018,1/11/2018,Misc,,,,,32.76,
Q107,8,D,11/1/2018,1/11/2018,Misc,,,,,39.98,
Q4,8,W,11/6/2018,6/11/2018,Misc,,,,,33.26,
Q3,7,W,11/6/2018,6/11/2018,Misc,,,,,27.05,
Q10,7,W,11/6/2018,6/11/2018,Misc,,,,,24.64,
Q1,7,D,11/6/2018,6/11/2018,Misc,,,,,21.27,
Q213,8,D,11/14/18,14/11/2018,Misc,,,,,16.63,
Q408,8,D,11/14/18,14/11/2018,Misc,,,,,21.74,
Q405,8,D,11/14/18,14/11/2018,Misc,,,,,22.83,
Q9,8,W,11/17/18,17/11/2018,Misc,,,,,38.3,
Q107,9,D,11/17/18,17/11/2018,Misc,,,,,42.36,
Q6,9,W,11/17/18,17/11/2018,Misc,,,,,35.19,
Q10,8,W,11/21/18,21/11/2018,Misc,,,,,32.43,
Q3,8,W,11/21/18,21/11/2018,Misc,,,,,32.99,
Q1,8,D,11/21/18,21/11/2018,Misc,,,,,16.68,
Q4,9,W,11/22/18,22/11/2018,Misc,,,,,46.4,
Q405,9,D,11/28/18,28/11/2018,Misc,,,,,22.26,
Q213,9,D,11/28/18,28/11/2018,Misc,,,,,17.29,
Q408,9,D,11/28/18,28/11/2018,Misc,,,,,18.01,
Q6,10,W,11/30/18,30/11/2018,Misc,,,,,39.51,
Q9,9,W,11/30/18,30/11/2018,Misc,,,,,32.85,
Q107,10,D,11/30/18,30/11/2018,Misc,,,,,40.7,
Q3,9,W,12/5/2018,5/12/2018,Misc,,,,,21.33,
Q4,10,W,12/5/2018,5/12/2018,Misc,,,,,25.43,
Q10,9,W,12/5/2018,5/12/2018,Misc,,,,,56.42,
Q1,9,D,12/5/2018,5/12/2018,Misc,,,,,29.05,
Q408,10,D,12/11/2018,11/12/2018,Misc,,,,,21.87,
Q405,10,D,12/11/2018,11/12/2018,Misc,,,,,21.13,
Q213,10,D,12/11/2018,11/12/2018,Misc,,,,,17,
Q9,10,W,12/14/18,14/12/2018,Misc,,,,,32.45,
Q107,11,D,12/14/18,14/12/2018,Misc,,,,,36.26,
Q6,11,W,12/14/18,14/12/2018,Misc,,,,,33.31,
Q4,11,W,12/18/18,18/12/2018,Misc,,,,,22.53,
Q3,10,W,12/18/18,18/12/2018,Misc,,,,,17.74,
Q1,10,D,12/18/18,18/12/2018,Misc,,,,,14.54,
Q10,10,W,12/18/18,18/12/2018,Misc,,,,,24.2,
Q6,12,W,12/27/18,27/12/2018,Misc,,,,,30.57,
Q9,11,W,12/27/18,27/12/2018,Misc,,,,,18.23,
Q107,12,D,12/27/18,27/12/2018,Misc,,,,,37.32,
Q405,11,D,12/27/18,27/12/2018,Misc,,,,,23.02,
Q213,11,D,12/27/18,27/12/2018,Misc,,,,,13.25,
Q408,11,D,12/27/18,27/12/2018,Misc,,,,,20.93,
Q10,11,W,1/2/2019,2/1/2019,Misc,,,,,32.38,
Q1,11,D,1/2/2019,2/1/2019,Misc,,,,,33.83,
Q3,11,W,1/3/2019,3/1/2019,Misc,,,,,44.63,
Q4,12,W,1/3/2019,3/1/2019,Misc,,,,,42.21,
Q408,12,D,1/8/2019,8/1/2019,Misc,,,,,42.72,
Q213,12,D,1/8/2019,8/1/2019,Misc,,,,,23.57,
Q405,12,D,1/8/2019,8/1/2019,Misc,,,,,28.06,
Q9,12,W,1/11/2019,11/1/2019,Misc,,,,,47.51,
Q3,12,W,01/16/19,16/1/2019,Misc,,,,,43.88,
Q1,12,D,01/16/19,16/1/2019,Misc,,,,,29.8,
Q10,12,W,01/16/19,16/1/2019,Misc,,,,,36.49,
Q6,13,W,1/10/2019,10/1/2019,Misc,,,,,74.67853974,
Q107,13,D,1/10/2019,10/1/2019,Misc,,,,,86.19,
Q4,13,W,01/15/19,15/1/2019,Misc,,,,,44.4,
Q213,13,D,01/22/19,22/1/2019,Misc,,,,,32.85,
Q405,13,D,01/22/19,22/1/2019,Misc,,,,,31.74,
Q408,13,D,01/22/19,22/1/2019,Misc,,,,,23.74,
Q9,13,W,01/24/19,24/1/2019,Misc,,,,,59.42,
Q6,14,W,01/24/19,24/1/2019,Misc,,,,,79.46,
Q107,14,D,01/24/19,24/1/2019,Misc,,,,,64.94,
Q4,14,W,01/29/19,29/1/2019,Misc,,,,,37.57,
Q3,13,W,01/29/19,29/1/2019,Misc,,,,,28.27,
Q10,13,W,01/29/19,29/1/2019,Misc,,,,,40.9,
Q1,13,D,01/29/19,29/1/2019,Misc,,,,,36.25,
Q408,14,D,2/7/2019,7/2/2019,Misc,,,,,50.37,
Q213,14,D,2/7/2019,7/2/2019,Misc,,,,,28.02,
Q405,14,D,2/7/2019,7/2/2019,Misc,,,,,18.69,
Q9,14,W,2/7/2019,7/2/2019,Misc,,,,,36.67,
Q107,15,D,2/7/2019,7/2/2019,Misc,,,,,41.8,
Q6,15,W,2/7/2019,7/2/2019,Misc,,,,,59.77,
Q3,14,W,2/12/2019,12/2/2019,Misc,,,,,44.38,
Q4,15,W,2/12/2019,12/2/2019,Misc,,,,,54.55,
Q1,14,D,2/12/2019,12/2/2019,Misc,,,,,48.88,
Q10,14,W,2/12/2019,12/2/2019,Misc,,,,,21.61,
Q408,15,D,02/19/19,19/2/2019,Misc,,,,,23.74,
Q213,15,D,02/19/19,19/2/2019,Misc,,,,,26.05,
Q405,15,D,02/19/19,19/2/2019,Misc,,,,,18.12,
Q9,15,W,02/19/19,19/2/2019,Misc,,,,,45.79,
Q6,16,W,02/19/19,19/2/2019,Misc,,,,,64.51,
Q107,16,D,02/19/19,19/2/2019,Misc,,,,,51.26,
Q1,15,D,02/26/19,26/2/2019,Misc,,,,,49.62,
Q3,15,W,02/26/19,26/2/2019,Misc,,,,,31.96,
Q10,15,W,02/26/19,26/2/2019,Misc,,,,,27.01,
Q4,16,W,02/26/19,26/2/2019,Misc,,,,,28.91,
Q408,16,D,3/4/2019,4/3/2019,Misc,,,,,19.49,
Q213,16,D,3/4/2019,4/3/2019,Misc,,,,,28.26,
Q6,17,W,3/4/2019,4/3/2019,Misc,,,,,65.28,
Q107,17,D,3/4/2019,4/3/2019,Misc,,,,,49.88,
Q9,16,W,3/4/2019,4/3/2019,Misc,,,,,26.24,
Q1,16,D,3/12/2019,12/3/2019,Misc,,,,,27.4,
Q3,16,W,3/12/2019,12/3/2019,Misc,,,,,41.32,
Q4,17,W,3/12/2019,12/3/2019,Misc,,,,,29.5,
Q10,16,W,3/12/2019,12/3/2019,Misc,,,,,19.87,
Q405,16,D,3/12/2019,12/3/2019,Misc,,,,,22.03,
Q408,17,D,03/19/19,19/3/2019,Misc,,,,,14.35,
Q213,17,D,03/19/19,19/3/2019,Misc,,,,,16.3,
Q6,18,W,03/19/19,19/3/2019,Misc,,,,,58.22,
Q107,18,D,03/19/19,19/3/2019,Misc,,,,,39.22,
Q9,17,W,03/19/19,19/3/2019,Misc,,,,,27.69,
Q4,18,W,03/25/19,25/3/2019,Misc,,,,,21.75,
Q405,17,D,03/25/19,25/3/2019,Misc,,,,,12.49,
Q3,17,W,03/25/19,25/3/2019,Misc,,,,,31.74,
Q1,17,D,03/25/19,25/3/2019,Misc,,,,,18.72,
Q10,17,W,03/25/19,25/3/2019,Misc,,,,,22.07,
Q408,18,D,4/2/2019,2/4/2019,Misc,,,,,12.58,
Q213,18,D,4/2/2019,2/4/2019,Misc,,,,,15.75,
Q6,19,W,4/2/2019,2/4/2019,Misc,,,,,51.96,
Q107,19,D,4/2/2019,2/4/2019,Misc,,,,,31.68,
Q9,18,W,4/2/2019,2/4/2019,Misc,,,,,22.02,
Q1,18,D,4/9/2019,9/4/2019,Misc,,,,,19.69,
Q10,18,W,4/9/2019,9/4/2019,Misc,,,,,18.84,
Q3,18,W,4/9/2019,9/4/2019,Misc,,,,,19.36,
Q405,18,D,4/9/2019,9/4/2019,Misc,,,,,14.35,
Q4,19,W,4/9/2019,9/4/2019,Misc,,,,,23.89,
Q6,20,W,04/15/19,15/4/2019,Misc,,,,,31.71,
Q9,19,W,04/15/19,15/4/2019,Misc,,,,,30.6,
Q107,20,D,04/15/19,15/4/2019,Misc,,,,,22.43,
Q213,19,D,04/15/19,15/4/2019,Misc,,,,,11.85,
Q408,19,D,04/15/19,15/4/2019,Misc,,,,,9.72,
Q405,19,D,04/23/19,23/4/2019,Misc,,,,,11.76,
Q1,19,D,04/23/19,23/4/2019,Misc,,,,,19.02,
Q10,19,W,04/23/19,23/4/2019,Misc,,,,,26.31,
Q3,19,W,04/23/19,23/4/2019,Misc,,,,,19.49,
Q4,20,W,04/23/19,23/4/2019,Misc,,,,,24.94,
Q6,21,W,04/29/19,29/4/2019,Misc,,,,,36.18,
Q9,20,W,04/29/19,29/4/2019,Misc,,,,,22.74,
Q213,20,D,04/29/19,29/4/2019,Misc,,,,,15.12,
Q107,21,D,04/29/19,29/4/2019,Misc,,,,,29.47,
Q408,20,D,04/29/19,29/4/2019,Misc,,,,,18.15,
Q405,20,D,5/6/2019,6/5/2019,Misc,,,,,15.34,
Q3,20,W,5/6/2019,6/5/2019,Misc,,,,,14.14,
Q4,21,W,5/6/2019,6/5/2019,Misc,,,,,22.28,
Q1,20,D,5/6/2019,6/5/2019,Misc,,,,,12.92,
Q10,20,W,5/6/2019,6/5/2019,Misc,,,,,20.84,
Q9,21,W,05/14/19,14/5/2019,Misc,,,,,12.07,
Q6,22,W,05/14/19,14/5/2019,Misc,,,,,18.28,
Q213,21,D,05/14/19,14/5/2019,Misc,,,,,26.5,
Q107,22,D,05/14/19,14/5/2019,Misc,,,,,60.87,
Q408,21,D,05/14/19,14/5/2019,Misc,,,,,14.92,
Q405,21,D,05/21/19,21/5/2019,Misc,,,,,21.96,
Q1,21,D,05/21/19,21/5/2019,Misc,,,,,23.76,
Q10,21,W,05/21/19,21/5/2019,Misc,,,,,35.42,
Q3,21,W,05/21/19,21/5/2019,Misc,,,,,16.73,
Q4,22,W,05/21/19,21/5/2019,Misc,,,,,11.43,
Q6,23,W,05/28/19,28/5/2019,Misc,,,,,10.98,
Q9,22,W,05/28/19,28/5/2019,Misc,,,,,10.9,
Q107,23,D,05/28/19,28/5/2019,Misc,,,,,39.05,
Q213,22,D,05/28/19,28/5/2019,Misc,,,,,7.1,
Q408,22,D,05/28/19,28/5/2019,Misc,,,,,10.93,
Q1,22,D,6/3/2019,3/6/2019,Misc,,,,,19.16,
Q10,22,W,6/3/2019,3/6/2019,Misc,,,,,21.68,
Q3,22,W,6/3/2019,3/6/2019,Misc,,,,,5.75,
Q4,23,W,6/3/2019,3/6/2019,Misc,,,,,13.03,
Q405,22,D,6/3/2019,3/6/2019,Misc,,,,,14.64,
Q6,24,W,6/11/2019,11/6/2019,Misc,,,,,15.14,
Q9,23,W,6/11/2019,11/6/2019,Misc,,,,,9.52,
Q107,24,D,6/11/2019,11/6/2019,Misc,,,,,23.22,
Q213,23,D,6/11/2019,11/6/2019,Misc,,,,,13.64,
Q408,23,D,6/11/2019,11/6/2019,Misc,,,,,10.27,
Q3,23,W,06/17/19,17/6/2019,Misc,,,,,14.08,
Q405,23,D,06/17/19,17/6/2019,Misc,,,,,22.23,
Q10,23,W,06/17/19,17/6/2019,Misc,,,,,21.09,
Q4,24,W,06/17/19,17/6/2019,Misc,,,,,26.77,
Q1,23,D,06/17/19,17/6/2019,Misc,,,,,6.84,
Q6,25,W,06/25/19,25/6/2019,Misc,,,,,10.96,
Q9,24,W,06/25/19,25/6/2019,Misc,,,,,27.92,
Q107,25,D,06/25/19,25/6/2019,Misc,,,,,27.1,
Q213,24,D,06/25/19,25/6/2019,Misc,,,,,9.92,
Q408,24,D,06/25/19,25/6/2019,Misc,,,,,8.33,
Q4,25,W,7/2/2019,2/7/2019,Misc,,,,,14.19,
Q3,24,W,7/2/2019,2/7/2019,Misc,,,,,10.99,
Q405,24,D,7/2/2019,2/7/2019,Misc,,,,,13.19,
Q10,24,W,7/2/2019,2/7/2019,Misc,,,,,20.5,
Q1,24,D,7/2/2019,2/7/2019,Misc,,,,,16.54,
Q408,25,D,7/9/2019,9/7/2019,Misc,,,,,22.51,
Q107,26,D,7/9/2019,9/7/2019,Misc,,,,,27.29,
Q9,25,W,7/9/2019,9/7/2019,Misc,,,,,16.11,
Q6,26,W,7/9/2019,9/7/2019,Misc,,,,,14.86,
Q213,25,D,7/9/2019,9/7/2019,Misc,,,,,12.95,
Q3,25,W,07/14/19,14/7/2019,Misc,,,,,12.97,
Q1,25,D,07/14/19,14/7/2019,Misc,,,,,15.27,
Q10,25,W,07/14/19,14/7/2019,Misc,,,,,19.79,
Q4,26,W,07/14/19,14/7/2019,Misc,,,,,13.86,
Q405,25,D,07/14/19,14/7/2019,Misc,,,,,10.65,
Q408,26,D,07/23/19,23/7/2019,Misc,,,,,16.24,
Q9,26,W,07/23/19,23/7/2019,Misc,,,,,13.75,
Q6,27,W,07/23/19,23/7/2019,Misc,,,,,12.69,
Q213,26,D,07/23/19,23/7/2019,Misc,,,,,9.87,
Q107,27,D,07/23/19,23/7/2019,Misc,,,,,25.16,
Q1,26,D,07/30/19,30/7/2019,Misc,,,,,13.81,
Q10,26,W,07/30/19,30/7/2019,Misc,,,,,17.47,
Q3,26,W,07/30/19,30/7/2019,Misc,,,,,16.43,
Q4,27,W,07/30/19,30/7/2019,Misc,,,,,10.94,
